reference_id,ref_hotel_name,hotel_id,hotel_name,room_name
78,One & Only Royal Mirage,1178170,One & Only Royal Mirage,"Superior Room, 1 King Bed (Palace, with Waterpark Access),NonSmoking"
78,One & Only Royal Mirage,1178170,One & Only Royal Mirage,"Superior Room, 2 Twin Beds (Palace, with Waterpark Access),NonSmoking"
78,One & Only Royal Mirage,1178170,One & Only Royal Mirage,"Deluxe Room, 1 King Bed (Arabian Court, with Waterpark Access),NonSmoking"
78,One & Only Royal Mirage,1178170,One & Only Royal Mirage,"Deluxe Room, 2 Twin Beds (Arabian Court, with Waterpark Access),NonSmoking"
78,One & Only Royal Mirage,1178170,One & Only Royal Mirage,"Deluxe Room, 1 King Bed (Arabian Court, with Waterpark Access),NonSmoking"
81,Burj Al Arab,1153890,Burj Al Arab,"Duplex One Bedroom Suite, Butler, Hermès Amenities, Spa and Beach Club Access (170sqm),1 King Bed,NonSmoking"
81,Burj Al Arab,1153890,Burj Al Arab,"Duplex One Bedroom Suite, Butler, Hermès Amenities, Spa and Beach Club Access (170sqm),1 Twin Bed,NonSmoking"
81,Burj Al Arab,1153890,Burj Al Arab,"Duplex Sky One Bedroom Suite, High Floor, Butler, Hermès Amenities, Spa and Beach Club Access (170sqm),1 King Bed,NonSmoking"
81,Burj Al Arab,1153890,Burj Al Arab,"Duplex Sky One Bedroom Suite, High Floor, Butler, Hermès Amenities, Spa and Beach Club Access (170sqm),1 Twin Bed,NonSmoking"
81,Burj Al Arab,1153890,Burj Al Arab,"Duplex One Bedroom Suite, Butler, Hermès Amenities, Spa and Beach Club Access (170sqm),1 King Bed,NonSmoking"
81,Burj Al Arab,1153890,Burj Al Arab,"Duplex One Bedroom Suite, Butler, Hermès Amenities, Spa and Beach Club Access (170sqm),1 Twin Bed,NonSmoking"
81,Burj Al Arab,1153890,Burj Al Arab,"Duplex Sky One Bedroom Suite, High Floor, Butler, Hermès Amenities, Spa and Beach Club Access (170sqm),1 King Bed,NonSmoking"
81,Burj Al Arab,1153890,Burj Al Arab,"Duplex Sky One Bedroom Suite, High Floor, Butler, Hermès Amenities, Spa and Beach Club Access (170sqm),1 Twin Bed,NonSmoking"
81,Burj Al Arab,1153890,Burj Al Arab,"Duplex One Bedroom Suite, Butler, Hermès Amenities, Spa and Beach Club Access (170sqm),1 King Bed,NonSmoking"
81,Burj Al Arab,1153890,Burj Al Arab,"Duplex One Bedroom Suite, Butler, Hermès Amenities, Spa and Beach Club Access (170sqm),1 Twin Bed,NonSmoking"
82,One & Only The Palm,1356836,One & Only The Palm,"Premier Twin Room (Palm Manor),2 Double Beds,NonSmoking"
82,One & Only The Palm,1356836,One & Only The Palm,"Premier Double Room, 2 Queen Beds (Palm Manor),NonSmoking"
82,One & Only The Palm,1356836,One & Only The Palm,"Premier Room, 1 King Bed (Palm Manor),NonSmoking"
82,One & Only The Palm,1356836,One & Only The Palm,"Premier Twin Room (Palm Manor),2 Double Beds,NonSmoking"
82,One & Only The Palm,1356836,One & Only The Palm,"Premier Double Room, 2 Queen Beds (Palm Manor),NonSmoking"
82,One & Only The Palm,1356836,One & Only The Palm,Palm Manor House Premiere Room
82,One & Only The Palm,1356836,One & Only The Palm,Palm Manor Premiere Double Double Room
82,One & Only The Palm,1356836,One & Only The Palm,Palm Manor Premiere Twin Room
82,One & Only The Palm,1356836,One & Only The Palm,Palm Manor House Premiere Room
82,One & Only The Palm,1356836,One & Only The Palm,Palm Manor Premiere Double Double Room
82,One & Only The Palm,1356836,One & Only The Palm,Palm Manor Premiere Twin Room
82,One & Only The Palm,1356836,One & Only The Palm,Palm Manor House Premiere Room
82,One & Only The Palm,1356836,One & Only The Palm,Palm Manor Premiere Double Double Room
82,One & Only The Palm,1356836,One & Only The Palm,Palm Manor House Premiere Room
82,One & Only The Palm,1356836,One & Only The Palm,Palm Manor Premiere Double Double Room
83,"The Ritz-Carlton, Jumeirah",1180251,"The Ritz-Carlton, Jumeirah","Deluxe Room (Ocean),1 King Bed,NonSmoking"
83,"The Ritz-Carlton, Jumeirah",1180251,"The Ritz-Carlton, Jumeirah","Deluxe Room (Ocean),2 Twin Beds,NonSmoking"
83,"The Ritz-Carlton, Jumeirah",1180251,"The Ritz-Carlton, Jumeirah","Deluxe Room (Ocean),1 King Bed,NonSmoking"
83,"The Ritz-Carlton, Jumeirah",1180251,"The Ritz-Carlton, Jumeirah","Deluxe Room (Ocean),2 Twin Beds,NonSmoking"
83,"The Ritz-Carlton, Jumeirah",1180251,"The Ritz-Carlton, Jumeirah","Family Room (Ocean Deluxe),1 King Bed and 2 Twin Beds,NonSmoking"
83,"The Ritz-Carlton, Jumeirah",1180251,"The Ritz-Carlton, Jumeirah","Deluxe Room (Ocean),1 King Bed,NonSmoking"
83,"The Ritz-Carlton, Jumeirah",1180251,"The Ritz-Carlton, Jumeirah","Deluxe Room (Ocean),2 Twin Beds,NonSmoking"
83,"The Ritz-Carlton, Jumeirah",1180251,"The Ritz-Carlton, Jumeirah","Deluxe Room (Ocean),1 King Bed,NonSmoking"
83,"The Ritz-Carlton, Jumeirah",1180251,"The Ritz-Carlton, Jumeirah","Deluxe Room (Ocean),2 Twin Beds,NonSmoking"
84,Four Seasons Resort at Jumeirah Beach,1243859,Four Seasons Resort at Jumeirah Beach,"Deluxe Room, 2 Queen Beds, City View,NonSmoking"
84,Four Seasons Resort at Jumeirah Beach,1243859,Four Seasons Resort at Jumeirah Beach,"Deluxe Room, 1 King Bed, City View,NonSmoking"
84,Four Seasons Resort at Jumeirah Beach,1243859,Four Seasons Resort at Jumeirah Beach,"Deluxe Room, 1 King Bed, Resort View,NonSmoking"
84,Four Seasons Resort at Jumeirah Beach,1243859,Four Seasons Resort at Jumeirah Beach,"Premium Room, 1 King Bed (Dubai Skyline),NonSmoking"
84,Four Seasons Resort at Jumeirah Beach,1243859,Four Seasons Resort at Jumeirah Beach,"Deluxe Room, 1 King Bed, Sea View,NonSmoking"
85,Waldorf Astoria The Palm,1019759,Waldorf Astoria The Palm,"Standard Room,1 Double Bed,NonSmoking"
85,Waldorf Astoria The Palm,1019759,Waldorf Astoria The Palm,"Standard Room,2 Twin Beds,NonSmoking"
85,Waldorf Astoria The Palm,1019759,Waldorf Astoria The Palm,"Standard Room,1 Double Bed,NonSmoking"
85,Waldorf Astoria The Palm,1019759,Waldorf Astoria The Palm,"Standard Room,2 Twin Beds,NonSmoking"
86,"DoubleTree by Hilton Resort & Spa Marjan Island, UAE",1103686,"DoubleTree by Hilton Resort & Spa Marjan Island, UAE","Deluxe Room, 2 Twin Beds, Garden View,NonSmoking"
86,"DoubleTree by Hilton Resort & Spa Marjan Island, UAE",1103686,"DoubleTree by Hilton Resort & Spa Marjan Island, UAE","Deluxe Room, 1 King Bed, Garden View,NonSmoking"
86,"DoubleTree by Hilton Resort & Spa Marjan Island, UAE",1103686,"DoubleTree by Hilton Resort & Spa Marjan Island, UAE","Deluxe Room, 2 Twin Beds, Garden View,NonSmoking"
86,"DoubleTree by Hilton Resort & Spa Marjan Island, UAE",1103686,"DoubleTree by Hilton Resort & Spa Marjan Island, UAE","Deluxe Room, 1 King Bed, Garden View,NonSmoking"
86,"DoubleTree by Hilton Resort & Spa Marjan Island, UAE",1103686,"DoubleTree by Hilton Resort & Spa Marjan Island, UAE","Deluxe Room, 2 Twin Beds, Garden View,NonSmoking"
1,Shangri-La Sydney,1151987,Shangri-La Sydney,"Executive Darling Harbour 1 King,1 King Bed,NonSmoking"
1,Shangri-La Sydney,1151987,Shangri-La Sydney,"Executive Opera House City View 1 King,1 King Bed,NonSmoking"
1,Shangri-La Sydney,1151987,Shangri-La Sydney,"Executive Opera House City View 2 Twins,2 Twin Beds,NonSmoking"
1,Shangri-La Sydney,1151987,Shangri-La Sydney,"Horizon Darling Harbour 1 King,1 King Bed,NonSmoking"
1,Shangri-La Sydney,1151987,Shangri-La Sydney,"Executive Darling Harbour 1 King,1 King Bed,NonSmoking"
0,"Hilton Aruba Caribbean Resort & Casino, Aruba",1168701,"Hilton Aruba Caribbean Resort & Casino, Aruba","Room, 1 King Bed, Tower (Bonaire/Curacao Tower, Project View),NonSmoking"
0,"Hilton Aruba Caribbean Resort & Casino, Aruba",1168701,"Hilton Aruba Caribbean Resort & Casino, Aruba","Room, 2 Double Beds, Garden View,NonSmoking"
0,"Hilton Aruba Caribbean Resort & Casino, Aruba",1168701,"Hilton Aruba Caribbean Resort & Casino, Aruba","Room, 1 King Bed, Garden View,NonSmoking"
0,"Hilton Aruba Caribbean Resort & Casino, Aruba",1168701,"Hilton Aruba Caribbean Resort & Casino, Aruba","Room, 1 King Bed, Tower (Bonaire/Curacao Tower, Project View),NonSmoking"
0,"Hilton Aruba Caribbean Resort & Casino, Aruba",1168701,"Hilton Aruba Caribbean Resort & Casino, Aruba","Room, 2 Double Beds, Garden View,NonSmoking"
64,"Chedi Andermatt, Szwajcaria",1001207,"Chedi Andermatt, Szwajcaria","Deluxe Room,1 Double Bed,NonSmoking"
64,"Chedi Andermatt, Szwajcaria",1001207,"Chedi Andermatt, Szwajcaria","Deluxe Room,1 Double Bed,NonSmoking"
64,"Chedi Andermatt, Szwajcaria",1001207,"Chedi Andermatt, Szwajcaria","Deluxe Room (Grand),1 King Bed,NonSmoking"
64,"Chedi Andermatt, Szwajcaria",1001207,"Chedi Andermatt, Szwajcaria","Deluxe Room (Grand),1 King Bed,NonSmoking"
64,"Chedi Andermatt, Szwajcaria",1001207,"Chedi Andermatt, Szwajcaria","Deluxe Suite (Junior),1 King Bed,NonSmoking"
4,"Tortuga Bay Puntacana Resort & Club, Dominikana",1252669,"Tortuga Bay Puntacana Resort & Club, Dominikana","Ocean View Junior Suite,1 King Bed,NonSmoking"
4,"Tortuga Bay Puntacana Resort & Club, Dominikana",1252669,"Tortuga Bay Puntacana Resort & Club, Dominikana","Beach Front Junior Suite,1 King Bed,NonSmoking"
4,"Tortuga Bay Puntacana Resort & Club, Dominikana",1252669,"Tortuga Bay Puntacana Resort & Club, Dominikana","Ocean View Two Bedrooms Suite,1 King Bed and 2 Double Beds,NonSmoking"
4,"Tortuga Bay Puntacana Resort & Club, Dominikana",1252669,"Tortuga Bay Puntacana Resort & Club, Dominikana","Beach Front Two Bedrooms Suite,1 King Bed and 2 Double Beds,NonSmoking"
18,"Ikos Dassia, Korfu",1155574,"Ikos Dassia, Korfu","Double Room, Balcony, Mountain View,1 Double Bed and 1 Twin Bed,NonSmoking"
18,"Ikos Dassia, Korfu",1155574,"Ikos Dassia, Korfu","Double Room, Balcony, Mountain View,1 Double Bed and 1 Twin Bed,NonSmoking"
18,"Ikos Dassia, Korfu",1155574,"Ikos Dassia, Korfu","Double Room, Balcony, Sea View,1 Double Bed and 1 Twin Bed,NonSmoking"
18,"Ikos Dassia, Korfu",1155574,"Ikos Dassia, Korfu","Double Room, Balcony, Sea View,1 Double Bed and 1 Twin Bed,NonSmoking"
25,Marbella Club,1017199,Marbella Club,classic one bedroom
25,Marbella Club,1017199,Marbella Club,"classic one bedroom, view"
25,Marbella Club,1017199,Marbella Club,classic one bedroom
25,Marbella Club,1017199,Marbella Club,premium one bedroom
25,Marbella Club,1017199,Marbella Club,"classic one bedroom, view"
25,Marbella Club,1017199,Marbella Club,"premium one bedroom, view"
25,Marbella Club,1017199,Marbella Club,premium one bedroom
25,Marbella Club,1017199,Marbella Club,"premium one bedroom, view"
25,Marbella Club,1017199,Marbella Club,classic two bedroom
25,Marbella Club,1017199,Marbella Club,classic two bedroom
28,"El Fuerte Marbella, Hiszpania",1170556,"El Fuerte Marbella, Hiszpania","Classic Double Room,1 King Bed,NonSmoking"
28,"El Fuerte Marbella, Hiszpania",1170556,"El Fuerte Marbella, Hiszpania","Superior Double Room,1 King Bed,NonSmoking"
28,"El Fuerte Marbella, Hiszpania",1170556,"El Fuerte Marbella, Hiszpania","Classic Double Room,1 King Bed,NonSmoking"
28,"El Fuerte Marbella, Hiszpania",1170556,"El Fuerte Marbella, Hiszpania","Classic Double Room,1 King Bed,NonSmoking"
28,"El Fuerte Marbella, Hiszpania",1170556,"El Fuerte Marbella, Hiszpania","Superior Double Room,1 King Bed,NonSmoking"
10,"The Stanley, Ateny",1144520,"The Stanley, Ateny","Standard Room,1 Queen Bed,NonSmoking"
10,"The Stanley, Ateny",1144520,"The Stanley, Ateny","Standard Room,2 Twin Beds,NonSmoking"
10,"The Stanley, Ateny",1144520,"The Stanley, Ateny","Standard Room,1 Queen Bed,NonSmoking"
10,"The Stanley, Ateny",1144520,"The Stanley, Ateny","Standard Room,2 Twin Beds,NonSmoking"
10,"The Stanley, Ateny",1144520,"The Stanley, Ateny","Standard Room,1 Queen Bed,NonSmoking"
10,"The Stanley, Ateny",1144520,"The Stanley, Ateny","Standard Room,2 Twin Beds,NonSmoking"
10,"The Stanley, Ateny",1144520,"The Stanley, Ateny","Standard Room with Extra Bed,2 Twin Beds,NonSmoking"
10,"The Stanley, Ateny",1144520,"The Stanley, Ateny","Superior Room,1 Queen Bed,NonSmoking"
10,"The Stanley, Ateny",1144520,"The Stanley, Ateny","Superior Room,2 Twin Beds,NonSmoking"
16,Grecotel Corfu Imperial,1145211,Grecotel Corfu Imperial,"Deluxe Guestroom Sea View,1 Double Bed,NonSmoking"
16,Grecotel Corfu Imperial,1145211,Grecotel Corfu Imperial,"Deluxe Bungalow Sea View 1st Floor,1 Double Bed and 1 Twin Sofa Bed,NonSmoking"
16,Grecotel Corfu Imperial,1145211,Grecotel Corfu Imperial,"Deluxe Bungalow Sea View 1st Floor,1 Double Bed and 1 Twin Sofa Bed,NonSmoking"
16,Grecotel Corfu Imperial,1145211,Grecotel Corfu Imperial,"Deluxe Guestroom Sea View,1 Double Bed,NonSmoking"
16,Grecotel Corfu Imperial,1145211,Grecotel Corfu Imperial,"Deluxe Bungalow Sea View 1st Floor,1 Double Bed and 1 Twin Sofa Bed,NonSmoking"
16,Grecotel Corfu Imperial,1145211,Grecotel Corfu Imperial,Deluxe Bungalow Sea View 1st Floor
16,Grecotel Corfu Imperial,1145211,Grecotel Corfu Imperial,Deluxe Guestroom Sea View
16,Grecotel Corfu Imperial,1145211,Grecotel Corfu Imperial,Panoramic Guestroom Sea View
16,Grecotel Corfu Imperial,1145211,Grecotel Corfu Imperial,Deluxe Bungalow Sea View 1st Floor
16,Grecotel Corfu Imperial,1145211,Grecotel Corfu Imperial,Deluxe Guestroom Sea View
16,Grecotel Corfu Imperial,1145211,Grecotel Corfu Imperial,Deluxe Bungalow Sea View 1st Floor
16,Grecotel Corfu Imperial,1145211,Grecotel Corfu Imperial,Deluxe Guestroom Sea View
16,Grecotel Corfu Imperial,1145211,Grecotel Corfu Imperial,Panoramic Guestroom Sea View
16,Grecotel Corfu Imperial,1145211,Grecotel Corfu Imperial,Deluxe Bungalow Sea View 1st Floor
16,Grecotel Corfu Imperial,1145211,Grecotel Corfu Imperial,Deluxe Guestroom Sea View
17,Angsana Corfu Resort,1144457,Angsana Corfu Resort,"Achilleion Woodland View Grand Room - Twin,2 Twin Beds,NonSmoking"
17,Angsana Corfu Resort,1144457,Angsana Corfu Resort,"Achilleion Woodland View Grand Room - Twin,2 Twin Beds,NonSmoking"
17,Angsana Corfu Resort,1144457,Angsana Corfu Resort,"Achilleion Woodland View Grand Room - Twin,2 Twin Beds,NonSmoking"
17,Angsana Corfu Resort,1144457,Angsana Corfu Resort,"Benitses Bay View Grand Room,1 King Bed,NonSmoking"
17,Angsana Corfu Resort,1144457,Angsana Corfu Resort,"Ionian Sea View One Bedroom Suite,1 King Bed and 1 King Sofa Bed,NonSmoking"
20,"Domes Zeen, a Luxury Collection Resort, Kreta",1472184,"Domes Zeen, a Luxury Collection Resort, Kreta","Superior Raw Retreat,1 Queen Bed,NonSmoking"
20,"Domes Zeen, a Luxury Collection Resort, Kreta",1472184,"Domes Zeen, a Luxury Collection Resort, Kreta","Superior Raw Retreat,2 Twin Beds,NonSmoking"
20,"Domes Zeen, a Luxury Collection Resort, Kreta",1472184,"Domes Zeen, a Luxury Collection Resort, Kreta","Superior Raw Mezzanine,1 Queen Bed,NonSmoking"
20,"Domes Zeen, a Luxury Collection Resort, Kreta",1472184,"Domes Zeen, a Luxury Collection Resort, Kreta","Superior Raw Mezzanine,2 Twin Beds,NonSmoking"
20,"Domes Zeen, a Luxury Collection Resort, Kreta",1472184,"Domes Zeen, a Luxury Collection Resort, Kreta","Terraced Penthouse,1 Queen Bed,NonSmoking"
20,"Domes Zeen, a Luxury Collection Resort, Kreta",1472184,"Domes Zeen, a Luxury Collection Resort, Kreta","Terraced Penthouse,2 Twin Beds,NonSmoking"
20,"Domes Zeen, a Luxury Collection Resort, Kreta",1472184,"Domes Zeen, a Luxury Collection Resort, Kreta","Hillside Retreat,1 King Bed,NonSmoking"
20,"Domes Zeen, a Luxury Collection Resort, Kreta",1472184,"Domes Zeen, a Luxury Collection Resort, Kreta","Superior Raw Retreat with Pool,1 Queen Bed,NonSmoking"
20,"Domes Zeen, a Luxury Collection Resort, Kreta",1472184,"Domes Zeen, a Luxury Collection Resort, Kreta","Superior Raw Retreat with Pool,2 Twin Beds,NonSmoking"
32,"The Laguna, A Luxury Collection Resort & Spa",1174974,"The Laguna, A Luxury Collection Resort & Spa","Room, 2 Double Beds, Non Smoking, Garden View"
32,"The Laguna, A Luxury Collection Resort & Spa",1174974,"The Laguna, A Luxury Collection Resort & Spa","Room, 2 Double Beds, Non Smoking, Garden View"
32,"The Laguna, A Luxury Collection Resort & Spa",1174974,"The Laguna, A Luxury Collection Resort & Spa","Room, 1 King Bed, Non Smoking, Garden View"
32,"The Laguna, A Luxury Collection Resort & Spa",1174974,"The Laguna, A Luxury Collection Resort & Spa","Room, 2 Double Beds, Non Smoking, Lagoon View"
32,"The Laguna, A Luxury Collection Resort & Spa",1174974,"The Laguna, A Luxury Collection Resort & Spa","Room, 1 King Bed, Non Smoking, Lagoon View"
48,"The Datai, Malezja",1179849,"The Datai, Malezja","Canopy Deluxe,1 King Bed,NonSmoking"
48,"The Datai, Malezja",1179849,"The Datai, Malezja","Canopy Deluxe,2 Twin Beds,NonSmoking"
48,"The Datai, Malezja",1179849,"The Datai, Malezja","Canopy Deluxe,1 King Bed,NonSmoking"
48,"The Datai, Malezja",1179849,"The Datai, Malezja","Canopy Deluxe,2 Twin Beds,NonSmoking"
48,"The Datai, Malezja",1179849,"The Datai, Malezja","Canopy Premium,1 King Bed,NonSmoking"
48,"The Datai, Malezja",1179849,"The Datai, Malezja","Canopy Deluxe,1 King Bed,NonSmoking"
48,"The Datai, Malezja",1179849,"The Datai, Malezja","Canopy Deluxe,2 Twin Beds,NonSmoking"
48,"The Datai, Malezja",1179849,"The Datai, Malezja","Canopy Premium,1 King Bed,NonSmoking"
49,"Four Seasons Marakesh, Maroko",1365747,"Four Seasons Marakesh, Maroko","Room, Terrace, Garden View,2 Twin Beds,NonSmoking"
49,"Four Seasons Marakesh, Maroko",1365747,"Four Seasons Marakesh, Maroko","Garden View Terrace Room King,1 King Bed,NonSmoking"
49,"Four Seasons Marakesh, Maroko",1365747,"Four Seasons Marakesh, Maroko","Premier Garden-View Terrace Room King,1 King Bed,NonSmoking"
49,"Four Seasons Marakesh, Maroko",1365747,"Four Seasons Marakesh, Maroko","Premier Room, Terrace, Garden View,2 Twin Beds,NonSmoking"
49,"Four Seasons Marakesh, Maroko",1365747,"Four Seasons Marakesh, Maroko","Garden Patio Room King,1 King Bed,NonSmoking"
54,One & Only Le Saint Geran,1146556,One & Only Le Saint Geran,"Room (Lagoon Room),1 King Bed and 1 Double Sofa Bed,NonSmoking"
54,One & Only Le Saint Geran,1146556,One & Only Le Saint Geran,"Room (Ocean Room Balcony King),1 King Bed,NonSmoking"
54,One & Only Le Saint Geran,1146556,One & Only Le Saint Geran,"Room (Ocean Room Balcony Queen),2 Queen Beds,NonSmoking"
54,One & Only Le Saint Geran,1146556,One & Only Le Saint Geran,"Room (Ocean Room Terrace Queen),2 Queen Beds,NonSmoking"
54,One & Only Le Saint Geran,1146556,One & Only Le Saint Geran,"Room (Beach Front Balcony King),1 King Bed,NonSmoking"
35,Movenpick Resort Kuredhivaru Maldives,1030703,Movenpick Resort Kuredhivaru Maldives,"Superior Room, 1 King Bed,NonSmoking"
35,Movenpick Resort Kuredhivaru Maldives,1030703,Movenpick Resort Kuredhivaru Maldives,"Superior Twin Room, 2 Twin Beds,NonSmoking"
35,Movenpick Resort Kuredhivaru Maldives,1030703,Movenpick Resort Kuredhivaru Maldives,"Superior Room, 1 King Bed,NonSmoking"
35,Movenpick Resort Kuredhivaru Maldives,1030703,Movenpick Resort Kuredhivaru Maldives,"Superior Twin Room, 2 Twin Beds,NonSmoking"
35,Movenpick Resort Kuredhivaru Maldives,1030703,Movenpick Resort Kuredhivaru Maldives,"Executive Room, 1 King Bed,NonSmoking"
42,Waldorf Astoria Maldives Ithaafushi,1295229,Waldorf Astoria Maldives Ithaafushi,"Room, 1 King Bed, City View,NonSmoking"
42,Waldorf Astoria Maldives Ithaafushi,1295229,Waldorf Astoria Maldives Ithaafushi,"Room, 1 King Bed, Accessible, City View (Hearing and Mobility, Roll-in Shower),NonSmoking"
42,Waldorf Astoria Maldives Ithaafushi,1295229,Waldorf Astoria Maldives Ithaafushi,"Room, 1 King Bed (Strip View),NonSmoking"
42,Waldorf Astoria Maldives Ithaafushi,1295229,Waldorf Astoria Maldives Ithaafushi,"Room, 1 King Bed, Accessible (Strip View, Roll-in Shower),NonSmoking"
42,Waldorf Astoria Maldives Ithaafushi,1295229,Waldorf Astoria Maldives Ithaafushi,"Room, 1 King Bed, City View,NonSmoking"
44,One & Only Reethi Rah,1146556,One & Only Reethi Rah,"Room (Lagoon Room),1 King Bed and 1 Double Sofa Bed,NonSmoking"
44,One & Only Reethi Rah,1146556,One & Only Reethi Rah,"Room (Ocean Room Balcony King),1 King Bed,NonSmoking"
44,One & Only Reethi Rah,1146556,One & Only Reethi Rah,"Room (Ocean Room Balcony Queen),2 Queen Beds,NonSmoking"
44,One & Only Reethi Rah,1146556,One & Only Reethi Rah,"Room (Ocean Room Terrace Queen),2 Queen Beds,NonSmoking"
44,One & Only Reethi Rah,1146556,One & Only Reethi Rah,"Room (Beach Front Balcony King),1 King Bed,NonSmoking"
47,Four Seasons Langkawi,1033321,Four Seasons Langkawi,"Room, 2 Twin Beds, Garden View, Ground Floor,NonSmoking"
47,Four Seasons Langkawi,1033321,Four Seasons Langkawi,"Room, Garden View (Upper Floor),1 King Bed,NonSmoking"
47,Four Seasons Langkawi,1033321,Four Seasons Langkawi,"Room, 2 Twin Beds, Garden View, Ground Floor,NonSmoking"
47,Four Seasons Langkawi,1033321,Four Seasons Langkawi,"Room, Garden View (Upper Floor),1 King Bed,NonSmoking"
47,Four Seasons Langkawi,1033321,Four Seasons Langkawi,"Room, Partial Sea View, Ground Floor,1 King Bed,NonSmoking"
55,"Belmond Reid's Palace, Portugalia",1160470,"Belmond Reid's Palace, Portugalia","Junior Suite (Superior),1 Queen Bed,NonSmoking"
55,"Belmond Reid's Palace, Portugalia",1160470,"Belmond Reid's Palace, Portugalia","Junior Suite (Superior),2 Twin Beds,NonSmoking"
55,"Belmond Reid's Palace, Portugalia",1160470,"Belmond Reid's Palace, Portugalia","Suite (Matthew Williamson),1 Double Sofa Bed and 1 King Bed,NonSmoking"
55,"Belmond Reid's Palace, Portugalia",1160470,"Belmond Reid's Palace, Portugalia","Suite (Miro),1 King Bed,NonSmoking"
74,"Regnum Carya Golf & Spa Resort, Turcja",1016614,"Regnum Carya Golf & Spa Resort, Turcja","Jade Room Partial Sea View,1 Double Bed,NonSmoking"
74,"Regnum Carya Golf & Spa Resort, Turcja",1016614,"Regnum Carya Golf & Spa Resort, Turcja","Jade Room Partial Sea View,2 Twin Beds,NonSmoking"
74,"Regnum Carya Golf & Spa Resort, Turcja",1016614,"Regnum Carya Golf & Spa Resort, Turcja","Jade Junior Room,1 Queen Bed,NonSmoking"
74,"Regnum Carya Golf & Spa Resort, Turcja",1016614,"Regnum Carya Golf & Spa Resort, Turcja","Jade Room Partial Sea View,1 Double Bed,NonSmoking"
74,"Regnum Carya Golf & Spa Resort, Turcja",1016614,"Regnum Carya Golf & Spa Resort, Turcja","Jade Room Partial Sea View,2 Twin Beds,NonSmoking"
74,"Regnum Carya Golf & Spa Resort, Turcja",1016614,"Regnum Carya Golf & Spa Resort, Turcja","Jade Junior Room,1 Queen Bed,NonSmoking"
74,"Regnum Carya Golf & Spa Resort, Turcja",1016614,"Regnum Carya Golf & Spa Resort, Turcja","Jade Room Sea View,1 Double Bed,NonSmoking"
57,The Raffles Doha,1315575,The Raffles Doha,"Spectacular Room, Room, 1 King Bed, City View,NonSmoking"
57,The Raffles Doha,1315575,The Raffles Doha,"Spectacular Room, Room, 2 Double Beds, City View,NonSmoking"
57,The Raffles Doha,1315575,The Raffles Doha,"Spectacular Room, Room, 1 King Bed, City View,NonSmoking"
57,The Raffles Doha,1315575,The Raffles Doha,"Spectacular Room, Room, 2 Double Beds, City View,NonSmoking"
57,The Raffles Doha,1315575,The Raffles Doha,"Spectacular Room, Room, 1 King Bed, City View,NonSmoking"
59,Waldorf Astoria Seychelles,1575710,Waldorf Astoria Seychelles,"Deluxe Room, 1 King Bed, Non Smoking"
59,Waldorf Astoria Seychelles,1575710,Waldorf Astoria Seychelles,"Deluxe Room, Non Smoking (High Floor),1 King Bed"
59,Waldorf Astoria Seychelles,1575710,Waldorf Astoria Seychelles,"Deluxe Room, Non Smoking (High Floor),2 Queen Beds"
59,Waldorf Astoria Seychelles,1575710,Waldorf Astoria Seychelles,"Junior Suite, 1 King Bed, Non Smoking, Balcony (BEVERLY HILLS)"
59,Waldorf Astoria Seychelles,1575710,Waldorf Astoria Seychelles,"Junior Suite, 2 Queen Beds, Non Smoking (BEVERLY HILLS)"
60,Four Seasons Resort Seychelles at Desroches Island,1155893,Four Seasons Resort Seychelles at Desroches Island,"Villa, 1 King Bed, Ocean View (Pool),NonSmoking"
60,Four Seasons Resort Seychelles at Desroches Island,1155893,Four Seasons Resort Seychelles at Desroches Island,"Bungalow, 1 King Bed (Beach),NonSmoking"
60,Four Seasons Resort Seychelles at Desroches Island,1155893,Four Seasons Resort Seychelles at Desroches Island,"Villa, 1 King Bed (Sunset Beach),NonSmoking"
60,Four Seasons Resort Seychelles at Desroches Island,1155893,Four Seasons Resort Seychelles at Desroches Island,"Suite, 1 King Bed (Sunset Beach),NonSmoking"
60,Four Seasons Resort Seychelles at Desroches Island,1155893,Four Seasons Resort Seychelles at Desroches Island,"Suite, 1 King Bed (Sunset Beach),NonSmoking"
61,Six Senses Zil Pasyon,1392470,Six Senses Zil Pasyon,"Panorama Pool Villa,1 King Bed,NonSmoking"
61,Six Senses Zil Pasyon,1392470,Six Senses Zil Pasyon,"Panorama Pool Villa,1 King Bed,NonSmoking"
61,Six Senses Zil Pasyon,1392470,Six Senses Zil Pasyon,"Ocean Front Pool Villa,1 King Bed,NonSmoking"
61,Six Senses Zil Pasyon,1392470,Six Senses Zil Pasyon,"Ocean Front Pool Villa,1 King Bed,NonSmoking"
61,Six Senses Zil Pasyon,1392470,Six Senses Zil Pasyon,"Pasyon Pool Villa,1 King Bed,NonSmoking"
62,Raffles Prasiln,1243111,Raffles Prasiln,Room STANDARD
62,Raffles Prasiln,1243111,Raffles Prasiln,Room STANDARD
62,Raffles Prasiln,1243111,Raffles Prasiln,STUDIO STANDARD
62,Raffles Prasiln,1243111,Raffles Prasiln,STUDIO STANDARD
62,Raffles Prasiln,1243111,Raffles Prasiln,Room STANDARD
62,Raffles Prasiln,1243111,Raffles Prasiln,Room STANDARD
62,Raffles Prasiln,1243111,Raffles Prasiln,Room STANDARD
62,Raffles Prasiln,1243111,Raffles Prasiln,Room STANDARD
62,Raffles Prasiln,1243111,Raffles Prasiln,Room STANDARD
62,Raffles Prasiln,1243111,Raffles Prasiln,Room STANDARD
62,Raffles Prasiln,1243111,Raffles Prasiln,"Signature Room, 1 King Bed,NonSmoking"
62,Raffles Prasiln,1243111,Raffles Prasiln,"Raffles, Club Room, 1 King Bed,NonSmoking"
62,Raffles Prasiln,1243111,Raffles Prasiln,"Signature Room, 1 King Bed,NonSmoking"
62,Raffles Prasiln,1243111,Raffles Prasiln,"Raffles, Club Room, 1 King Bed,NonSmoking"
62,Raffles Prasiln,1243111,Raffles Prasiln,"Raffles, Club Twin Room, 2 Twin Beds,NonSmoking"
63,"Mandarin Oriental, Singapur",1180579,"Mandarin Oriental, Singapur","Room, 1 King Bed with Sofa bed, Sea View,1 King Bed and 1 Twin Sofa Bed,NonSmoking"
63,"Mandarin Oriental, Singapur",1180579,"Mandarin Oriental, Singapur","Twin Room, Sea View,2 Twin Beds and 1 Twin Sofa Bed,NonSmoking"
63,"Mandarin Oriental, Singapur",1180579,"Mandarin Oriental, Singapur","Room, 1 King Bed (Marina Bay View),NonSmoking"
63,"Mandarin Oriental, Singapur",1180579,"Mandarin Oriental, Singapur","Room, 1 King Bed with Sofa bed, Sea View,1 King Bed and 1 Twin Sofa Bed,NonSmoking"
63,"Mandarin Oriental, Singapur",1180579,"Mandarin Oriental, Singapur","Twin Room, Sea View,2 Twin Beds and 1 Twin Sofa Bed,NonSmoking"
67,Ritz Carlton Phulay Bay,1213857,Ritz Carlton Phulay Bay,"Room, 1 King Bed with Sofa bed, Garden View,1 King Bed and 1 Double Sofa Bed,NonSmoking"
67,Ritz Carlton Phulay Bay,1213857,Ritz Carlton Phulay Bay,"Room, 1 King Bed with Sofa bed,1 King Bed and 1 Double Sofa Bed,NonSmoking"
67,Ritz Carlton Phulay Bay,1213857,Ritz Carlton Phulay Bay,"Villa, 1 Bedroom, Ocean View,1 King Bed and 1 Double Sofa Bed,NonSmoking"
67,Ritz Carlton Phulay Bay,1213857,Ritz Carlton Phulay Bay,"Villa, 1 Bedroom,1 King Bed and 1 Double Sofa Bed,NonSmoking"
67,Ritz Carlton Phulay Bay,1213857,Ritz Carlton Phulay Bay,"Villa, 1 Bedroom, Sea View,1 Double Bed,NonSmoking"
68,"Dusit Thani, Pattaya",1148838,"Dusit Thani, Pattaya","Deluxe Room, 2 Twin Beds,NonSmoking"
68,"Dusit Thani, Pattaya",1148838,"Dusit Thani, Pattaya","Deluxe Room, 1 King Bed,NonSmoking"
68,"Dusit Thani, Pattaya",1148838,"Dusit Thani, Pattaya","Deluxe Room, 2 Twin Beds,NonSmoking"
68,"Dusit Thani, Pattaya",1148838,"Dusit Thani, Pattaya","Premium Room, 1 King Bed, Garden View,NonSmoking"
68,"Dusit Thani, Pattaya",1148838,"Dusit Thani, Pattaya","Premium Room, 2 Twin Beds, Garden View,NonSmoking"
68,"Dusit Thani, Pattaya",1148838,"Dusit Thani, Pattaya",DELUXE ROOM KING
68,"Dusit Thani, Pattaya",1148838,"Dusit Thani, Pattaya",DELUXE ROOM TWIN
68,"Dusit Thani, Pattaya",1148838,"Dusit Thani, Pattaya",PREMIUM GARDEN VIEW KING
68,"Dusit Thani, Pattaya",1148838,"Dusit Thani, Pattaya",PREMIUM GARDEN VIEW TWIN
68,"Dusit Thani, Pattaya",1148838,"Dusit Thani, Pattaya",DELUXE ROOM KING
68,"Dusit Thani, Pattaya",1148838,"Dusit Thani, Pattaya",DELUXE ROOM TWIN
68,"Dusit Thani, Pattaya",1148838,"Dusit Thani, Pattaya",PREMIUM SEA VIEW KING
68,"Dusit Thani, Pattaya",1148838,"Dusit Thani, Pattaya",PREMIUM GARDEN VIEW KING
68,"Dusit Thani, Pattaya",1148838,"Dusit Thani, Pattaya",PREMIUM GARDEN VIEW TWIN
68,"Dusit Thani, Pattaya",1148838,"Dusit Thani, Pattaya",PREMIUM SEA VIEW KING
70,Rosewood Phuket,1559963,Rosewood Phuket,"Room, 1 King Bed (Pool Pavillion),NonSmoking"
70,Rosewood Phuket,1559963,Rosewood Phuket,"Twin Room (Pool Pavillion),2 Twin Beds,NonSmoking"
70,Rosewood Phuket,1559963,Rosewood Phuket,"Room, 1 King Bed (Pool Pavillion),NonSmoking"
70,Rosewood Phuket,1559963,Rosewood Phuket,"Twin Room (Pool Pavillion),2 Twin Beds,NonSmoking"
70,Rosewood Phuket,1559963,Rosewood Phuket,"Room, 1 King Bed, Partial Ocean View (Pool Pavillion),NonSmoking"
72,Six Senses Yao Noi,1137810,Six Senses Yao Noi,"Hideaway Pool Villa,1 King Bed,NonSmoking"
72,Six Senses Yao Noi,1137810,Six Senses Yao Noi,"Ocean Pool Villa,1 King Bed,NonSmoking"
72,Six Senses Yao Noi,1137810,Six Senses Yao Noi,"Hideaway Two Bedroom Pool Villa,2 King Beds,NonSmoking"
72,Six Senses Yao Noi,1137810,Six Senses Yao Noi,"Ocean Deluxe Pool Villa,1 King Bed,NonSmoking"
72,Six Senses Yao Noi,1137810,Six Senses Yao Noi,"Ocean Panorama Pool Villa,1 King Bed,NonSmoking"
73,Gloria Serenity Resort,1140776,Gloria Serenity Resort,"Superior Room,1 Queen Bed and 1 Twin Sofa Bed,NonSmoking"
73,Gloria Serenity Resort,1140776,Gloria Serenity Resort,"Superior Room,2 Twin Beds and 1 Twin Sofa Bed,NonSmoking"
73,Gloria Serenity Resort,1140776,Gloria Serenity Resort,"Deluxe Room,1 King Bed and 1 Twin Sofa Bed,NonSmoking"
73,Gloria Serenity Resort,1140776,Gloria Serenity Resort,"Deluxe Room,2 Large Twin Beds and 1 Twin Sofa Bed,NonSmoking"
73,Gloria Serenity Resort,1140776,Gloria Serenity Resort,"Superior Room,1 Queen Bed and 1 Twin Sofa Bed,NonSmoking"
73,Gloria Serenity Resort,1140776,Gloria Serenity Resort,"Superior Room,2 Twin Beds and 1 Twin Sofa Bed,NonSmoking"
73,Gloria Serenity Resort,1140776,Gloria Serenity Resort,"Superior Room, Poolside,1 Double Bed and 1 Twin Sofa Bed,NonSmoking"
73,Gloria Serenity Resort,1140776,Gloria Serenity Resort,"Superior Room, Poolside,2 Twin Beds and 1 Twin Sofa Bed,NonSmoking"
73,Gloria Serenity Resort,1140776,Gloria Serenity Resort,"Superior Room, Poolside,1 Double Bed and 1 Twin Sofa Bed,NonSmoking"
73,Gloria Serenity Resort,1140776,Gloria Serenity Resort,"Superior Room, Poolside,2 Twin Beds and 1 Twin Sofa Bed,NonSmoking"
75,"Maxx Royal Belek Golf Resort, Belek",1360498,"Maxx Royal Belek Golf Resort, Belek","Suite Land,1 Double Bed,NonSmoking"
75,"Maxx Royal Belek Golf Resort, Belek",1360498,"Maxx Royal Belek Golf Resort, Belek","Suite Sea,1 Double Bed,NonSmoking"
75,"Maxx Royal Belek Golf Resort, Belek",1360498,"Maxx Royal Belek Golf Resort, Belek","Suite Land,1 Double Bed,NonSmoking"
75,"Maxx Royal Belek Golf Resort, Belek",1360498,"Maxx Royal Belek Golf Resort, Belek","Suite Land 2+2,1 Double Bed,NonSmoking"
75,"Maxx Royal Belek Golf Resort, Belek",1360498,"Maxx Royal Belek Golf Resort, Belek","Suite Sea,1 Double Bed,NonSmoking"
88,Four Seasons Resort Orlando at Walt Disney World Resort,1030291,Four Seasons Resort Orlando at Walt Disney World Resort,"Golden Oak View Room - Two Queen Beds,2 Queen Beds,NonSmoking"
88,Four Seasons Resort Orlando at Walt Disney World Resort,1030291,Four Seasons Resort Orlando at Walt Disney World Resort,"Golden Oak View Room King,1 King Bed and 1 Queen Sofa Bed,NonSmoking"
88,Four Seasons Resort Orlando at Walt Disney World Resort,1030291,Four Seasons Resort Orlando at Walt Disney World Resort,"Golden Oak View Accessible Room King,1 King Bed,NonSmoking"
88,Four Seasons Resort Orlando at Walt Disney World Resort,1030291,Four Seasons Resort Orlando at Walt Disney World Resort,"Golden Oak View Room King,1 King Bed and 1 Queen Sofa Bed,NonSmoking"
88,Four Seasons Resort Orlando at Walt Disney World Resort,1030291,Four Seasons Resort Orlando at Walt Disney World Resort,"Golden Oak View Accessible Room King,1 King Bed,NonSmoking"
95,"The Abi d'Oru Hotel & Spa, Sardynia",1151263,"The Abi d'Oru Hotel & Spa, Sardynia","Classic double room hill side,1 Double Bed,NonSmoking"
95,"The Abi d'Oru Hotel & Spa, Sardynia",1151263,"The Abi d'Oru Hotel & Spa, Sardynia","Classic double room hill side,1 Double Bed,NonSmoking"
95,"The Abi d'Oru Hotel & Spa, Sardynia",1151263,"The Abi d'Oru Hotel & Spa, Sardynia","Garden Deluxe Triple, Ground Floor sea side,1 Double Bed and 1 Twin Sofa Bed,NonSmoking"
95,"The Abi d'Oru Hotel & Spa, Sardynia",1151263,"The Abi d'Oru Hotel & Spa, Sardynia","Garden deluxe double ground floor,1 Double Bed,NonSmoking"
95,"The Abi d'Oru Hotel & Spa, Sardynia",1151263,"The Abi d'Oru Hotel & Spa, Sardynia","Garden Deluxe Triple, Ground Floor sea side,1 Double Bed and 1 Twin Sofa Bed,NonSmoking"
