reference_id,ref_hotel_name,hotel_id,hotel_name,room_name,main_name,bedrooms_count,room_capacity,room_quality,room_quality_category,room_class,bedding_type,bedding_config,balcony,family_room,club_room,room_view,room_area_m2,room_area_sqft
78,One & Only Royal Mirage,1178170,One & Only Royal Mirage,"Superior Room, 1 King Bed (Palace, with Waterpark Access),NonSmoking",Superior Room,,,superior,enhanced,room,1 king bed,king,,,,,,
78,One & Only Royal Mirage,1178170,One & Only Royal Mirage,"Superior Room, 2 Twin Beds (Palace, with Waterpark Access),NonSmoking",Superior Room,,,superior,enhanced,room,2 twin beds,twins,,,,,,
78,One & Only Royal Mirage,1178170,One & Only Royal Mirage,"Deluxe Room, 1 King Bed (Arabian Court, with Waterpark Access),NonSmoking",Deluxe Room,,,deluxe,high,room,1 king bed,king,,,,,,
78,One & Only Royal Mirage,1178170,One & Only Royal Mirage,"Deluxe Room, 2 Twin Beds (Arabian Court, with Waterpark Access),NonSmoking",Deluxe Room,,,deluxe,high,room,2 twin beds,twins,,,,,,
78,One & Only Royal Mirage,1178170,One & Only Royal Mirage,"Deluxe Room, 1 King Bed (Arabian Court, with Waterpark Access),NonSmoking",Deluxe Room,,,deluxe,high,room,1 king bed,king,,,,,,
81,Burj Al Arab,1153890,Burj Al Arab,"Duplex One Bedroom Suite, Butler, Hermès Amenities, Spa and Beach Club Access (170sqm),1 King Bed,NonSmoking",Duplex One Bedroom Suite,1.0,,club,very_high,duplex,1 king bed,king,,,,,170.0,1829.9
81,Burj Al Arab,1153890,Burj Al Arab,"Duplex One Bedroom Suite, Butler, Hermès Amenities, Spa and Beach Club Access (170sqm),1 Twin Bed,NonSmoking",Duplex One Bedroom Suite,1.0,,club,very_high,duplex,1 twin bed,twin,,,,,170.0,1829.9
81,Burj Al Arab,1153890,Burj Al Arab,"Duplex Sky One Bedroom Suite, High Floor, Butler, Hermès Amenities, Spa and Beach Club Access (170sqm),1 King Bed,NonSmoking",Duplex Sky One Bedroom Suite,1.0,,club,very_high,duplex,1 king bed,king,,,,sky_view,170.0,1829.9
81,Burj Al Arab,1153890,Burj Al Arab,"Duplex Sky One Bedroom Suite, High Floor, Butler, Hermès Amenities, Spa and Beach Club Access (170sqm),1 Twin Bed,NonSmoking",Duplex Sky One Bedroom Suite,1.0,,club,very_high,duplex,1 twin bed,twin,,,,sky_view,170.0,1829.9
81,Burj Al Arab,1153890,Burj Al Arab,"Duplex One Bedroom Suite, Butler, Hermès Amenities, Spa and Beach Club Access (170sqm),1 King Bed,NonSmoking",Duplex One Bedroom Suite,1.0,,club,very_high,duplex,1 king bed,king,,,,,170.0,1829.9
81,Burj Al Arab,1153890,Burj Al Arab,"Duplex One Bedroom Suite, Butler, Hermès Amenities, Spa and Beach Club Access (170sqm),1 Twin Bed,NonSmoking",Duplex One Bedroom Suite,1.0,,club,very_high,duplex,1 twin bed,twin,,,,,170.0,1829.9
81,Burj Al Arab,1153890,Burj Al Arab,"Duplex Sky One Bedroom Suite, High Floor, Butler, Hermès Amenities, Spa and Beach Club Access (170sqm),1 King Bed,NonSmoking",Duplex Sky One Bedroom Suite,1.0,,club,very_high,duplex,1 king bed,king,,,,sky_view,170.0,1829.9
81,Burj Al Arab,1153890,Burj Al Arab,"Duplex Sky One Bedroom Suite, High Floor, Butler, Hermès Amenities, Spa and Beach Club Access (170sqm),1 Twin Bed,NonSmoking",Duplex Sky One Bedroom Suite,1.0,,club,very_high,duplex,1 twin bed,twin,,,,sky_view,170.0,1829.9
81,Burj Al Arab,1153890,Burj Al Arab,"Duplex One Bedroom Suite, Butler, Hermès Amenities, Spa and Beach Club Access (170sqm),1 King Bed,NonSmoking",Duplex One Bedroom Suite,1.0,,club,very_high,duplex,1 king bed,king,,,,,170.0,1829.9
81,Burj Al Arab,1153890,Burj Al Arab,"Duplex One Bedroom Suite, Butler, Hermès Amenities, Spa and Beach Club Access (170sqm),1 Twin Bed,NonSmoking",Duplex One Bedroom Suite,1.0,,club,very_high,duplex,1 twin bed,twin,,,,,170.0,1829.9
82,One & Only The Palm,1356836,One & Only The Palm,"Premier Twin Room (Palm Manor),2 Double Beds,NonSmoking",Premier Twin Room (Palm Manor),,2.0,premier,luxury,room,2 double beds,doubles,,,,,,
82,One & Only The Palm,1356836,One & Only The Palm,"Premier Double Room, 2 Queen Beds (Palm Manor),NonSmoking",Premier Double Room,,2.0,premier,luxury,room,2 queen beds,queens,,,,,,
82,One & Only The Palm,1356836,One & Only The Palm,"Premier Room, 1 King Bed (Palm Manor),NonSmoking",Premier Room,,,premier,luxury,room,1 king bed,king,,,,,,
82,One & Only The Palm,1356836,One & Only The Palm,"Premier Twin Room (Palm Manor),2 Double Beds,NonSmoking",Premier Twin Room (Palm Manor),,2.0,premier,luxury,room,2 double beds,doubles,,,,,,
82,One & Only The Palm,1356836,One & Only The Palm,"Premier Double Room, 2 Queen Beds (Palm Manor),NonSmoking",Premier Double Room,,2.0,premier,luxury,room,2 queen beds,queens,,,,,,
82,One & Only The Palm,1356836,One & Only The Palm,Palm Manor House Premiere Room,Palm Manor House Premiere Room,,,premier,luxury,room,,,,,,,,
82,One & Only The Palm,1356836,One & Only The Palm,Palm Manor Premiere Double Double Room,Palm Manor Premiere Double Double Room,,2.0,premier,luxury,room,double double,doubles,,,,,,
82,One & Only The Palm,1356836,One & Only The Palm,Palm Manor Premiere Twin Room,Palm Manor Premiere Twin Room,,2.0,premier,luxury,room,twin,twin,,,,,,
82,One & Only The Palm,1356836,One & Only The Palm,Palm Manor House Premiere Room,Palm Manor House Premiere Room,,,premier,luxury,room,,,,,,,,
82,One & Only The Palm,1356836,One & Only The Palm,Palm Manor Premiere Double Double Room,Palm Manor Premiere Double Double Room,,2.0,premier,luxury,room,double double,doubles,,,,,,
82,One & Only The Palm,1356836,One & Only The Palm,Palm Manor Premiere Twin Room,Palm Manor Premiere Twin Room,,2.0,premier,luxury,room,twin,twin,,,,,,
82,One & Only The Palm,1356836,One & Only The Palm,Palm Manor House Premiere Room,Palm Manor House Premiere Room,,,premier,luxury,room,,,,,,,,
82,One & Only The Palm,1356836,One & Only The Palm,Palm Manor Premiere Double Double Room,Palm Manor Premiere Double Double Room,,2.0,premier,luxury,room,double double,doubles,,,,,,
82,One & Only The Palm,1356836,One & Only The Palm,Palm Manor House Premiere Room,Palm Manor House Premiere Room,,,premier,luxury,room,,,,,,,,
82,One & Only The Palm,1356836,One & Only The Palm,Palm Manor Premiere Double Double Room,Palm Manor Premiere Double Double Room,,2.0,premier,luxury,room,double double,doubles,,,,,,
83,"The Ritz-Carlton, Jumeirah",1180251,"The Ritz-Carlton, Jumeirah","Deluxe Room (Ocean),1 King Bed,NonSmoking",Deluxe Room (Ocean),,,deluxe,high,room,1 king bed,king,,,,,,
83,"The Ritz-Carlton, Jumeirah",1180251,"The Ritz-Carlton, Jumeirah","Deluxe Room (Ocean),2 Twin Beds,NonSmoking",Deluxe Room (Ocean),,,deluxe,high,room,2 twin beds,twins,,,,,,
83,"The Ritz-Carlton, Jumeirah",1180251,"The Ritz-Carlton, Jumeirah","Deluxe Room (Ocean),1 King Bed,NonSmoking",Deluxe Room (Ocean),,,deluxe,high,room,1 king bed,king,,,,,,
83,"The Ritz-Carlton, Jumeirah",1180251,"The Ritz-Carlton, Jumeirah","Deluxe Room (Ocean),2 Twin Beds,NonSmoking",Deluxe Room (Ocean),,,deluxe,high,room,2 twin beds,twins,,,,,,
83,"The Ritz-Carlton, Jumeirah",1180251,"The Ritz-Carlton, Jumeirah","Family Room (Ocean Deluxe),1 King Bed and 2 Twin Beds,NonSmoking",Family Room (Ocean Deluxe),,,deluxe,high,room,2 twin beds,twins,,1.0,,,,
83,"The Ritz-Carlton, Jumeirah",1180251,"The Ritz-Carlton, Jumeirah","Deluxe Room (Ocean),1 King Bed,NonSmoking",Deluxe Room (Ocean),,,deluxe,high,room,1 king bed,king,,,,,,
83,"The Ritz-Carlton, Jumeirah",1180251,"The Ritz-Carlton, Jumeirah","Deluxe Room (Ocean),2 Twin Beds,NonSmoking",Deluxe Room (Ocean),,,deluxe,high,room,2 twin beds,twins,,,,,,
83,"The Ritz-Carlton, Jumeirah",1180251,"The Ritz-Carlton, Jumeirah","Deluxe Room (Ocean),1 King Bed,NonSmoking",Deluxe Room (Ocean),,,deluxe,high,room,1 king bed,king,,,,,,
83,"The Ritz-Carlton, Jumeirah",1180251,"The Ritz-Carlton, Jumeirah","Deluxe Room (Ocean),2 Twin Beds,NonSmoking",Deluxe Room (Ocean),,,deluxe,high,room,2 twin beds,twins,,,,,,
84,Four Seasons Resort at Jumeirah Beach,1243859,Four Seasons Resort at Jumeirah Beach,"Deluxe Room, 2 Queen Beds, City View,NonSmoking",Deluxe Room,,,deluxe,high,room,2 queen beds,queens,,,,city_view,,
84,Four Seasons Resort at Jumeirah Beach,1243859,Four Seasons Resort at Jumeirah Beach,"Deluxe Room, 1 King Bed, City View,NonSmoking",Deluxe Room,,,deluxe,high,room,1 king bed,king,,,,city_view,,
84,Four Seasons Resort at Jumeirah Beach,1243859,Four Seasons Resort at Jumeirah Beach,"Deluxe Room, 1 King Bed, Resort View,NonSmoking",Deluxe Room,,,deluxe,high,room,1 king bed,king,,,,,,
84,Four Seasons Resort at Jumeirah Beach,1243859,Four Seasons Resort at Jumeirah Beach,"Premium Room, 1 King Bed (Dubai Skyline),NonSmoking",Premium Room,,,premium,high,room,1 king bed,king,,,,sky_view,,
84,Four Seasons Resort at Jumeirah Beach,1243859,Four Seasons Resort at Jumeirah Beach,"Deluxe Room, 1 King Bed, Sea View,NonSmoking",Deluxe Room,,,deluxe,high,room,1 king bed,king,,,,sea_view,,
85,Waldorf Astoria The Palm,1019759,Waldorf Astoria The Palm,"Standard Room,1 Double Bed,NonSmoking",Standard Room,,,standard,entry,room,1 double bed,double,,,,,,
85,Waldorf Astoria The Palm,1019759,Waldorf Astoria The Palm,"Standard Room,2 Twin Beds,NonSmoking",Standard Room,,,standard,entry,room,2 twin beds,twins,,,,,,
85,Waldorf Astoria The Palm,1019759,Waldorf Astoria The Palm,"Standard Room,1 Double Bed,NonSmoking",Standard Room,,,standard,entry,room,1 double bed,double,,,,,,
85,Waldorf Astoria The Palm,1019759,Waldorf Astoria The Palm,"Standard Room,2 Twin Beds,NonSmoking",Standard Room,,,standard,entry,room,2 twin beds,twins,,,,,,
86,"DoubleTree by Hilton Resort & Spa Marjan Island, UAE",1103686,"DoubleTree by Hilton Resort & Spa Marjan Island, UAE","Deluxe Room, 2 Twin Beds, Garden View,NonSmoking",Deluxe Room,,,deluxe,high,room,2 twin beds,twins,,,,garden_view,,
86,"DoubleTree by Hilton Resort & Spa Marjan Island, UAE",1103686,"DoubleTree by Hilton Resort & Spa Marjan Island, UAE","Deluxe Room, 1 King Bed, Garden View,NonSmoking",Deluxe Room,,,deluxe,high,room,1 king bed,king,,,,garden_view,,
86,"DoubleTree by Hilton Resort & Spa Marjan Island, UAE",1103686,"DoubleTree by Hilton Resort & Spa Marjan Island, UAE","Deluxe Room, 2 Twin Beds, Garden View,NonSmoking",Deluxe Room,,,deluxe,high,room,2 twin beds,twins,,,,garden_view,,
86,"DoubleTree by Hilton Resort & Spa Marjan Island, UAE",1103686,"DoubleTree by Hilton Resort & Spa Marjan Island, UAE","Deluxe Room, 1 King Bed, Garden View,NonSmoking",Deluxe Room,,,deluxe,high,room,1 king bed,king,,,,garden_view,,
86,"DoubleTree by Hilton Resort & Spa Marjan Island, UAE",1103686,"DoubleTree by Hilton Resort & Spa Marjan Island, UAE","Deluxe Room, 2 Twin Beds, Garden View,NonSmoking",Deluxe Room,,,deluxe,high,room,2 twin beds,twins,,,,garden_view,,
1,Shangri-La Sydney,1151987,Shangri-La Sydney,"Executive Darling Harbour 1 King,1 King Bed,NonSmoking",Executive Darling Harbour 1 King,,,executive,very_high,other,1 king bed,king,,,,,,
1,Shangri-La Sydney,1151987,Shangri-La Sydney,"Executive Opera House City View 1 King,1 King Bed,NonSmoking",Executive Opera House City View 1 King,,,executive,very_high,other,1 king bed,king,,,,city_view,,
1,Shangri-La Sydney,1151987,Shangri-La Sydney,"Executive Opera House City View 2 Twins,2 Twin Beds,NonSmoking",Executive Opera House City View 2 Twins,,,executive,very_high,other,2 twin beds,twins,,,,city_view,,
1,Shangri-La Sydney,1151987,Shangri-La Sydney,"Horizon Darling Harbour 1 King,1 King Bed,NonSmoking",Horizon Darling Harbour 1 King,,,,,other,1 king bed,king,,,,,,
1,Shangri-La Sydney,1151987,Shangri-La Sydney,"Executive Darling Harbour 1 King,1 King Bed,NonSmoking",Executive Darling Harbour 1 King,,,executive,very_high,other,1 king bed,king,,,,,,
0,"Hilton Aruba Caribbean Resort & Casino, Aruba",1168701,"Hilton Aruba Caribbean Resort & Casino, Aruba","Room, 1 King Bed, Tower (Bonaire/Curacao Tower, Project View),NonSmoking",Room,,,,,room,1 king bed,king,,,,limited_view,,
0,"Hilton Aruba Caribbean Resort & Casino, Aruba",1168701,"Hilton Aruba Caribbean Resort & Casino, Aruba","Room, 2 Double Beds, Garden View,NonSmoking",Room,,,,,room,2 double beds,doubles,,,,garden_view,,
0,"Hilton Aruba Caribbean Resort & Casino, Aruba",1168701,"Hilton Aruba Caribbean Resort & Casino, Aruba","Room, 1 King Bed, Garden View,NonSmoking",Room,,,,,room,1 king bed,king,,,,garden_view,,
0,"Hilton Aruba Caribbean Resort & Casino, Aruba",1168701,"Hilton Aruba Caribbean Resort & Casino, Aruba","Room, 1 King Bed, Tower (Bonaire/Curacao Tower, Project View),NonSmoking",Room,,,,,room,1 king bed,king,,,,limited_view,,
0,"Hilton Aruba Caribbean Resort & Casino, Aruba",1168701,"Hilton Aruba Caribbean Resort & Casino, Aruba","Room, 2 Double Beds, Garden View,NonSmoking",Room,,,,,room,2 double beds,doubles,,,,garden_view,,
64,"Chedi Andermatt, Szwajcaria",1001207,"Chedi Andermatt, Szwajcaria","Deluxe Room,1 Double Bed,NonSmoking",Deluxe Room,,,deluxe,high,room,1 double bed,double,,,,,,
64,"Chedi Andermatt, Szwajcaria",1001207,"Chedi Andermatt, Szwajcaria","Deluxe Room,1 Double Bed,NonSmoking",Deluxe Room,,,deluxe,high,room,1 double bed,double,,,,,,
64,"Chedi Andermatt, Szwajcaria",1001207,"Chedi Andermatt, Szwajcaria","Deluxe Room (Grand),1 King Bed,NonSmoking",Deluxe Room (Grand),,,deluxe,high,room,1 king bed,king,,,,,,
64,"Chedi Andermatt, Szwajcaria",1001207,"Chedi Andermatt, Szwajcaria","Deluxe Room (Grand),1 King Bed,NonSmoking",Deluxe Room (Grand),,,deluxe,high,room,1 king bed,king,,,,,,
64,"Chedi Andermatt, Szwajcaria",1001207,"Chedi Andermatt, Szwajcaria","Deluxe Suite (Junior),1 King Bed,NonSmoking",Deluxe Suite (Junior),,,deluxe,high,suite,1 king bed,king,,,,,,
4,"Tortuga Bay Puntacana Resort & Club, Dominikana",1252669,"Tortuga Bay Puntacana Resort & Club, Dominikana","Ocean View Junior Suite,1 King Bed,NonSmoking",Ocean View Junior Suite,,,junior,entry,suite,1 king bed,king,,,,ocean_view,,
4,"Tortuga Bay Puntacana Resort & Club, Dominikana",1252669,"Tortuga Bay Puntacana Resort & Club, Dominikana","Beach Front Junior Suite,1 King Bed,NonSmoking",Beach Front Junior Suite,,,junior,entry,suite,1 king bed,king,,,,beach_view,,
4,"Tortuga Bay Puntacana Resort & Club, Dominikana",1252669,"Tortuga Bay Puntacana Resort & Club, Dominikana","Ocean View Two Bedrooms Suite,1 King Bed and 2 Double Beds,NonSmoking",Ocean View Two Bedrooms Suite,2.0,,,,suite,2 double beds,doubles,,,,ocean_view,,
4,"Tortuga Bay Puntacana Resort & Club, Dominikana",1252669,"Tortuga Bay Puntacana Resort & Club, Dominikana","Beach Front Two Bedrooms Suite,1 King Bed and 2 Double Beds,NonSmoking",Beach Front Two Bedrooms Suite,2.0,,,,suite,2 double beds,doubles,,,,beach_view,,
18,"Ikos Dassia, Korfu",1155574,"Ikos Dassia, Korfu","Double Room, Balcony, Mountain View,1 Double Bed and 1 Twin Bed,NonSmoking",Double Room,,2.0,,,room,1 double bed,double,1.0,,,mountain_view,,
18,"Ikos Dassia, Korfu",1155574,"Ikos Dassia, Korfu","Double Room, Balcony, Mountain View,1 Double Bed and 1 Twin Bed,NonSmoking",Double Room,,2.0,,,room,1 double bed,double,1.0,,,mountain_view,,
18,"Ikos Dassia, Korfu",1155574,"Ikos Dassia, Korfu","Double Room, Balcony, Sea View,1 Double Bed and 1 Twin Bed,NonSmoking",Double Room,,2.0,,,room,1 double bed,double,1.0,,,sea_view,,
18,"Ikos Dassia, Korfu",1155574,"Ikos Dassia, Korfu","Double Room, Balcony, Sea View,1 Double Bed and 1 Twin Bed,NonSmoking",Double Room,,2.0,,,room,1 double bed,double,1.0,,,sea_view,,
25,Marbella Club,1017199,Marbella Club,classic one bedroom,classic one bedroom,1.0,,classic,entry,room,,,,,,,,
25,Marbella Club,1017199,Marbella Club,"classic one bedroom, view",classic one bedroom,1.0,,classic,entry,room,,,,,,,,
25,Marbella Club,1017199,Marbella Club,classic one bedroom,classic one bedroom,1.0,,classic,entry,room,,,,,,,,
25,Marbella Club,1017199,Marbella Club,premium one bedroom,premium one bedroom,1.0,,premium,high,room,,,,,,,,
25,Marbella Club,1017199,Marbella Club,"classic one bedroom, view",classic one bedroom,1.0,,classic,entry,room,,,,,,,,
25,Marbella Club,1017199,Marbella Club,"premium one bedroom, view",premium one bedroom,1.0,,premium,high,room,,,,,,,,
25,Marbella Club,1017199,Marbella Club,premium one bedroom,premium one bedroom,1.0,,premium,high,room,,,,,,,,
25,Marbella Club,1017199,Marbella Club,"premium one bedroom, view",premium one bedroom,1.0,,premium,high,room,,,,,,,,
25,Marbella Club,1017199,Marbella Club,classic two bedroom,classic two bedroom,2.0,,classic,entry,room,,,,,,,,
25,Marbella Club,1017199,Marbella Club,classic two bedroom,classic two bedroom,2.0,,classic,entry,room,,,,,,,,
28,"El Fuerte Marbella, Hiszpania",1170556,"El Fuerte Marbella, Hiszpania","Classic Double Room,1 King Bed,NonSmoking",Classic Double Room,,2.0,classic,entry,room,1 king bed,king,,,,,,
28,"El Fuerte Marbella, Hiszpania",1170556,"El Fuerte Marbella, Hiszpania","Superior Double Room,1 King Bed,NonSmoking",Superior Double Room,,2.0,superior,enhanced,room,1 king bed,king,,,,,,
28,"El Fuerte Marbella, Hiszpania",1170556,"El Fuerte Marbella, Hiszpania","Classic Double Room,1 King Bed,NonSmoking",Classic Double Room,,2.0,classic,entry,room,1 king bed,king,,,,,,
28,"El Fuerte Marbella, Hiszpania",1170556,"El Fuerte Marbella, Hiszpania","Classic Double Room,1 King Bed,NonSmoking",Classic Double Room,,2.0,classic,entry,room,1 king bed,king,,,,,,
28,"El Fuerte Marbella, Hiszpania",1170556,"El Fuerte Marbella, Hiszpania","Superior Double Room,1 King Bed,NonSmoking",Superior Double Room,,2.0,superior,enhanced,room,1 king bed,king,,,,,,
10,"The Stanley, Ateny",1144520,"The Stanley, Ateny","Standard Room,1 Queen Bed,NonSmoking",Standard Room,,,standard,entry,room,1 queen bed,queen,,,,,,
10,"The Stanley, Ateny",1144520,"The Stanley, Ateny","Standard Room,2 Twin Beds,NonSmoking",Standard Room,,,standard,entry,room,2 twin beds,twins,,,,,,
10,"The Stanley, Ateny",1144520,"The Stanley, Ateny","Standard Room,1 Queen Bed,NonSmoking",Standard Room,,,standard,entry,room,1 queen bed,queen,,,,,,
10,"The Stanley, Ateny",1144520,"The Stanley, Ateny","Standard Room,2 Twin Beds,NonSmoking",Standard Room,,,standard,entry,room,2 twin beds,twins,,,,,,
10,"The Stanley, Ateny",1144520,"The Stanley, Ateny","Standard Room,1 Queen Bed,NonSmoking",Standard Room,,,standard,entry,room,1 queen bed,queen,,,,,,
10,"The Stanley, Ateny",1144520,"The Stanley, Ateny","Standard Room,2 Twin Beds,NonSmoking",Standard Room,,,standard,entry,room,2 twin beds,twins,,,,,,
10,"The Stanley, Ateny",1144520,"The Stanley, Ateny","Standard Room with Extra Bed,2 Twin Beds,NonSmoking",Standard Room with Extra Bed,,,standard,entry,room,2 twin beds,twins,,,,,,
10,"The Stanley, Ateny",1144520,"The Stanley, Ateny","Superior Room,1 Queen Bed,NonSmoking",Superior Room,,,superior,enhanced,room,1 queen bed,queen,,,,,,
10,"The Stanley, Ateny",1144520,"The Stanley, Ateny","Superior Room,2 Twin Beds,NonSmoking",Superior Room,,,superior,enhanced,room,2 twin beds,twins,,,,,,
16,Grecotel Corfu Imperial,1145211,Grecotel Corfu Imperial,"Deluxe Guestroom Sea View,1 Double Bed,NonSmoking",Deluxe Guestroom Sea View,,,deluxe,high,room,1 double bed,double,,,,sea_view,,
16,Grecotel Corfu Imperial,1145211,Grecotel Corfu Imperial,"Deluxe Bungalow Sea View 1st Floor,1 Double Bed and 1 Twin Sofa Bed,NonSmoking",Deluxe Bungalow Sea View 1st Floor,,,deluxe,high,bungalow,1 double bed,double,,,,sea_view,,
16,Grecotel Corfu Imperial,1145211,Grecotel Corfu Imperial,"Deluxe Bungalow Sea View 1st Floor,1 Double Bed and 1 Twin Sofa Bed,NonSmoking",Deluxe Bungalow Sea View 1st Floor,,,deluxe,high,bungalow,1 double bed,double,,,,sea_view,,
16,Grecotel Corfu Imperial,1145211,Grecotel Corfu Imperial,"Deluxe Guestroom Sea View,1 Double Bed,NonSmoking",Deluxe Guestroom Sea View,,,deluxe,high,room,1 double bed,double,,,,sea_view,,
16,Grecotel Corfu Imperial,1145211,Grecotel Corfu Imperial,"Deluxe Bungalow Sea View 1st Floor,1 Double Bed and 1 Twin Sofa Bed,NonSmoking",Deluxe Bungalow Sea View 1st Floor,,,deluxe,high,bungalow,1 double bed,double,,,,sea_view,,
16,Grecotel Corfu Imperial,1145211,Grecotel Corfu Imperial,Deluxe Bungalow Sea View 1st Floor,Deluxe Bungalow Sea View 1st Floor,,,deluxe,high,bungalow,,,,,,sea_view,,
16,Grecotel Corfu Imperial,1145211,Grecotel Corfu Imperial,Deluxe Guestroom Sea View,Deluxe Guestroom Sea View,,,deluxe,high,room,,,,,,sea_view,,
16,Grecotel Corfu Imperial,1145211,Grecotel Corfu Imperial,Panoramic Guestroom Sea View,Panoramic Guestroom Sea View,,,,,room,,,,,,sea_view,,
16,Grecotel Corfu Imperial,1145211,Grecotel Corfu Imperial,Deluxe Bungalow Sea View 1st Floor,Deluxe Bungalow Sea View 1st Floor,,,deluxe,high,bungalow,,,,,,sea_view,,
16,Grecotel Corfu Imperial,1145211,Grecotel Corfu Imperial,Deluxe Guestroom Sea View,Deluxe Guestroom Sea View,,,deluxe,high,room,,,,,,sea_view,,
16,Grecotel Corfu Imperial,1145211,Grecotel Corfu Imperial,Deluxe Bungalow Sea View 1st Floor,Deluxe Bungalow Sea View 1st Floor,,,deluxe,high,bungalow,,,,,,sea_view,,
16,Grecotel Corfu Imperial,1145211,Grecotel Corfu Imperial,Deluxe Guestroom Sea View,Deluxe Guestroom Sea View,,,deluxe,high,room,,,,,,sea_view,,
16,Grecotel Corfu Imperial,1145211,Grecotel Corfu Imperial,Panoramic Guestroom Sea View,Panoramic Guestroom Sea View,,,,,room,,,,,,sea_view,,
16,Grecotel Corfu Imperial,1145211,Grecotel Corfu Imperial,Deluxe Bungalow Sea View 1st Floor,Deluxe Bungalow Sea View 1st Floor,,,deluxe,high,bungalow,,,,,,sea_view,,
16,Grecotel Corfu Imperial,1145211,Grecotel Corfu Imperial,Deluxe Guestroom Sea View,Deluxe Guestroom Sea View,,,deluxe,high,room,,,,,,sea_view,,
17,Angsana Corfu Resort,1144457,Angsana Corfu Resort,"Achilleion Woodland View Grand Room - Twin,2 Twin Beds,NonSmoking",Achilleion Woodland View Grand Room - Twin,,,grand,luxury,room,2 twin beds,twins,,,,woodland_view,,
17,Angsana Corfu Resort,1144457,Angsana Corfu Resort,"Achilleion Woodland View Grand Room - Twin,2 Twin Beds,NonSmoking",Achilleion Woodland View Grand Room - Twin,,,grand,luxury,room,2 twin beds,twins,,,,woodland_view,,
17,Angsana Corfu Resort,1144457,Angsana Corfu Resort,"Achilleion Woodland View Grand Room - Twin,2 Twin Beds,NonSmoking",Achilleion Woodland View Grand Room - Twin,,,grand,luxury,room,2 twin beds,twins,,,,woodland_view,,
17,Angsana Corfu Resort,1144457,Angsana Corfu Resort,"Benitses Bay View Grand Room,1 King Bed,NonSmoking",Benitses Bay View Grand Room,,,grand,luxury,room,1 king bed,king,,,,bay_view,,
17,Angsana Corfu Resort,1144457,Angsana Corfu Resort,"Ionian Sea View One Bedroom Suite,1 King Bed and 1 King Sofa Bed,NonSmoking",Ionian Sea View One Bedroom Suite,1.0,,,,suite,1 king bed,king,,,,sea_view,,
20,"Domes Zeen, a Luxury Collection Resort, Kreta",1472184,"Domes Zeen, a Luxury Collection Resort, Kreta","Superior Raw Retreat,1 Queen Bed,NonSmoking",Superior Raw Retreat,,,superior,enhanced,other,1 queen bed,queen,,,,,,
20,"Domes Zeen, a Luxury Collection Resort, Kreta",1472184,"Domes Zeen, a Luxury Collection Resort, Kreta","Superior Raw Retreat,2 Twin Beds,NonSmoking",Superior Raw Retreat,,,superior,enhanced,other,2 twin beds,twins,,,,,,
20,"Domes Zeen, a Luxury Collection Resort, Kreta",1472184,"Domes Zeen, a Luxury Collection Resort, Kreta","Superior Raw Mezzanine,1 Queen Bed,NonSmoking",Superior Raw Mezzanine,,,superior,enhanced,other,1 queen bed,queen,,,,,,
20,"Domes Zeen, a Luxury Collection Resort, Kreta",1472184,"Domes Zeen, a Luxury Collection Resort, Kreta","Superior Raw Mezzanine,2 Twin Beds,NonSmoking",Superior Raw Mezzanine,,,superior,enhanced,other,2 twin beds,twins,,,,,,
20,"Domes Zeen, a Luxury Collection Resort, Kreta",1472184,"Domes Zeen, a Luxury Collection Resort, Kreta","Terraced Penthouse,1 Queen Bed,NonSmoking",Terraced Penthouse,,,,,penthouse,1 queen bed,queen,1.0,,,,,
20,"Domes Zeen, a Luxury Collection Resort, Kreta",1472184,"Domes Zeen, a Luxury Collection Resort, Kreta","Terraced Penthouse,2 Twin Beds,NonSmoking",Terraced Penthouse,,,,,penthouse,2 twin beds,twins,1.0,,,,,
20,"Domes Zeen, a Luxury Collection Resort, Kreta",1472184,"Domes Zeen, a Luxury Collection Resort, Kreta","Hillside Retreat,1 King Bed,NonSmoking",Hillside Retreat,,,,,other,1 king bed,king,,,,,,
20,"Domes Zeen, a Luxury Collection Resort, Kreta",1472184,"Domes Zeen, a Luxury Collection Resort, Kreta","Superior Raw Retreat with Pool,1 Queen Bed,NonSmoking",Superior Raw Retreat with Pool,,,superior,enhanced,other,1 queen bed,queen,,,,,,
20,"Domes Zeen, a Luxury Collection Resort, Kreta",1472184,"Domes Zeen, a Luxury Collection Resort, Kreta","Superior Raw Retreat with Pool,2 Twin Beds,NonSmoking",Superior Raw Retreat with Pool,,,superior,enhanced,other,2 twin beds,twins,,,,,,
32,"The Laguna, A Luxury Collection Resort & Spa",1174974,"The Laguna, A Luxury Collection Resort & Spa","Room, 2 Double Beds, Non Smoking, Garden View",Room,,,,,room,2 double beds,doubles,,,,garden_view,,
32,"The Laguna, A Luxury Collection Resort & Spa",1174974,"The Laguna, A Luxury Collection Resort & Spa","Room, 2 Double Beds, Non Smoking, Garden View",Room,,,,,room,2 double beds,doubles,,,,garden_view,,
32,"The Laguna, A Luxury Collection Resort & Spa",1174974,"The Laguna, A Luxury Collection Resort & Spa","Room, 1 King Bed, Non Smoking, Garden View",Room,,,,,room,1 king bed,king,,,,garden_view,,
32,"The Laguna, A Luxury Collection Resort & Spa",1174974,"The Laguna, A Luxury Collection Resort & Spa","Room, 2 Double Beds, Non Smoking, Lagoon View",Room,,,,,room,2 double beds,doubles,,,,bay_view,,
32,"The Laguna, A Luxury Collection Resort & Spa",1174974,"The Laguna, A Luxury Collection Resort & Spa","Room, 1 King Bed, Non Smoking, Lagoon View",Room,,,,,room,1 king bed,king,,,,bay_view,,
48,"The Datai, Malezja",1179849,"The Datai, Malezja","Canopy Deluxe,1 King Bed,NonSmoking",Canopy Deluxe,,,deluxe,high,other,1 king bed,king,,,,,,
48,"The Datai, Malezja",1179849,"The Datai, Malezja","Canopy Deluxe,2 Twin Beds,NonSmoking",Canopy Deluxe,,,deluxe,high,other,2 twin beds,twins,,,,,,
48,"The Datai, Malezja",1179849,"The Datai, Malezja","Canopy Deluxe,1 King Bed,NonSmoking",Canopy Deluxe,,,deluxe,high,other,1 king bed,king,,,,,,
48,"The Datai, Malezja",1179849,"The Datai, Malezja","Canopy Deluxe,2 Twin Beds,NonSmoking",Canopy Deluxe,,,deluxe,high,other,2 twin beds,twins,,,,,,
48,"The Datai, Malezja",1179849,"The Datai, Malezja","Canopy Premium,1 King Bed,NonSmoking",Canopy Premium,,,premium,high,other,1 king bed,king,,,,,,
48,"The Datai, Malezja",1179849,"The Datai, Malezja","Canopy Deluxe,1 King Bed,NonSmoking",Canopy Deluxe,,,deluxe,high,other,1 king bed,king,,,,,,
48,"The Datai, Malezja",1179849,"The Datai, Malezja","Canopy Deluxe,2 Twin Beds,NonSmoking",Canopy Deluxe,,,deluxe,high,other,2 twin beds,twins,,,,,,
48,"The Datai, Malezja",1179849,"The Datai, Malezja","Canopy Premium,1 King Bed,NonSmoking",Canopy Premium,,,premium,high,other,1 king bed,king,,,,,,
49,"Four Seasons Marakesh, Maroko",1365747,"Four Seasons Marakesh, Maroko","Room, Terrace, Garden View,2 Twin Beds,NonSmoking",Room,,,,,room,2 twin beds,twins,1.0,,,garden_view,,
49,"Four Seasons Marakesh, Maroko",1365747,"Four Seasons Marakesh, Maroko","Garden View Terrace Room King,1 King Bed,NonSmoking",Garden View Terrace Room King,,,,,room,1 king bed,king,1.0,,,garden_view,,
49,"Four Seasons Marakesh, Maroko",1365747,"Four Seasons Marakesh, Maroko","Premier Garden-View Terrace Room King,1 King Bed,NonSmoking",Premier Garden-View Terrace Room King,,,premier,luxury,room,1 king bed,king,1.0,,,garden_view,,
49,"Four Seasons Marakesh, Maroko",1365747,"Four Seasons Marakesh, Maroko","Premier Room, Terrace, Garden View,2 Twin Beds,NonSmoking",Premier Room,,,premier,luxury,room,2 twin beds,twins,1.0,,,garden_view,,
49,"Four Seasons Marakesh, Maroko",1365747,"Four Seasons Marakesh, Maroko","Garden Patio Room King,1 King Bed,NonSmoking",Garden Patio Room King,,,,,room,1 king bed,king,1.0,,,garden_view,,
54,One & Only Le Saint Geran,1146556,One & Only Le Saint Geran,"Room (Lagoon Room),1 King Bed and 1 Double Sofa Bed,NonSmoking",Room (Lagoon Room),,,,,room,1 king bed,king,,,,,,
54,One & Only Le Saint Geran,1146556,One & Only Le Saint Geran,"Room (Ocean Room Balcony King),1 King Bed,NonSmoking",Room (Ocean Room Balcony King),,,,,room,1 king bed,king,1.0,,,,,
54,One & Only Le Saint Geran,1146556,One & Only Le Saint Geran,"Room (Ocean Room Balcony Queen),2 Queen Beds,NonSmoking",Room (Ocean Room Balcony Queen),,,,,room,2 queen beds,queens,1.0,,,,,
54,One & Only Le Saint Geran,1146556,One & Only Le Saint Geran,"Room (Ocean Room Terrace Queen),2 Queen Beds,NonSmoking",Room (Ocean Room Terrace Queen),,,,,room,2 queen beds,queens,1.0,,,,,
54,One & Only Le Saint Geran,1146556,One & Only Le Saint Geran,"Room (Beach Front Balcony King),1 King Bed,NonSmoking",Room (Beach Front Balcony King),,,,,room,1 king bed,king,1.0,,,beach_view,,
35,Movenpick Resort Kuredhivaru Maldives,1030703,Movenpick Resort Kuredhivaru Maldives,"Superior Room, 1 King Bed,NonSmoking",Superior Room,,,superior,enhanced,room,1 king bed,king,,,,,,
35,Movenpick Resort Kuredhivaru Maldives,1030703,Movenpick Resort Kuredhivaru Maldives,"Superior Twin Room, 2 Twin Beds,NonSmoking",Superior Twin Room,,2.0,superior,enhanced,room,2 twin beds,twins,,,,,,
35,Movenpick Resort Kuredhivaru Maldives,1030703,Movenpick Resort Kuredhivaru Maldives,"Superior Room, 1 King Bed,NonSmoking",Superior Room,,,superior,enhanced,room,1 king bed,king,,,,,,
35,Movenpick Resort Kuredhivaru Maldives,1030703,Movenpick Resort Kuredhivaru Maldives,"Superior Twin Room, 2 Twin Beds,NonSmoking",Superior Twin Room,,2.0,superior,enhanced,room,2 twin beds,twins,,,,,,
35,Movenpick Resort Kuredhivaru Maldives,1030703,Movenpick Resort Kuredhivaru Maldives,"Executive Room, 1 King Bed,NonSmoking",Executive Room,,,executive,very_high,room,1 king bed,king,,,1.0,,,
42,Waldorf Astoria Maldives Ithaafushi,1295229,Waldorf Astoria Maldives Ithaafushi,"Room, 1 King Bed, City View,NonSmoking",Room,,,,,room,1 king bed,king,,,,city_view,,
42,Waldorf Astoria Maldives Ithaafushi,1295229,Waldorf Astoria Maldives Ithaafushi,"Room, 1 King Bed, Accessible, City View (Hearing and Mobility, Roll-in Shower),NonSmoking",Room,,,,,room,1 king bed,king,,,,city_view,,
42,Waldorf Astoria Maldives Ithaafushi,1295229,Waldorf Astoria Maldives Ithaafushi,"Room, 1 King Bed (Strip View),NonSmoking",Room,,,,,room,1 king bed,king,,,,,,
42,Waldorf Astoria Maldives Ithaafushi,1295229,Waldorf Astoria Maldives Ithaafushi,"Room, 1 King Bed, Accessible (Strip View, Roll-in Shower),NonSmoking",Room,,,,,room,1 king bed,king,,,,,,
42,Waldorf Astoria Maldives Ithaafushi,1295229,Waldorf Astoria Maldives Ithaafushi,"Room, 1 King Bed, City View,NonSmoking",Room,,,,,room,1 king bed,king,,,,city_view,,
44,One & Only Reethi Rah,1146556,One & Only Reethi Rah,"Room (Lagoon Room),1 King Bed and 1 Double Sofa Bed,NonSmoking",Room (Lagoon Room),,,,,room,1 king bed,king,,,,,,
44,One & Only Reethi Rah,1146556,One & Only Reethi Rah,"Room (Ocean Room Balcony King),1 King Bed,NonSmoking",Room (Ocean Room Balcony King),,,,,room,1 king bed,king,1.0,,,,,
44,One & Only Reethi Rah,1146556,One & Only Reethi Rah,"Room (Ocean Room Balcony Queen),2 Queen Beds,NonSmoking",Room (Ocean Room Balcony Queen),,,,,room,2 queen beds,queens,1.0,,,,,
44,One & Only Reethi Rah,1146556,One & Only Reethi Rah,"Room (Ocean Room Terrace Queen),2 Queen Beds,NonSmoking",Room (Ocean Room Terrace Queen),,,,,room,2 queen beds,queens,1.0,,,,,
44,One & Only Reethi Rah,1146556,One & Only Reethi Rah,"Room (Beach Front Balcony King),1 King Bed,NonSmoking",Room (Beach Front Balcony King),,,,,room,1 king bed,king,1.0,,,beach_view,,
47,Four Seasons Langkawi,1033321,Four Seasons Langkawi,"Room, 2 Twin Beds, Garden View, Ground Floor,NonSmoking",Room,,,,,room,2 twin beds,twins,,,,garden_view,,
47,Four Seasons Langkawi,1033321,Four Seasons Langkawi,"Room, Garden View (Upper Floor),1 King Bed,NonSmoking",Room,,,,,room,1 king bed,king,,,,garden_view,,
47,Four Seasons Langkawi,1033321,Four Seasons Langkawi,"Room, 2 Twin Beds, Garden View, Ground Floor,NonSmoking",Room,,,,,room,2 twin beds,twins,,,,garden_view,,
47,Four Seasons Langkawi,1033321,Four Seasons Langkawi,"Room, Garden View (Upper Floor),1 King Bed,NonSmoking",Room,,,,,room,1 king bed,king,,,,garden_view,,
47,Four Seasons Langkawi,1033321,Four Seasons Langkawi,"Room, Partial Sea View, Ground Floor,1 King Bed,NonSmoking",Room,,,,,room,1 king bed,king,,,,sea_view,,
55,"Belmond Reid's Palace, Portugalia",1160470,"Belmond Reid's Palace, Portugalia","Junior Suite (Superior),1 Queen Bed,NonSmoking",Junior Suite (Superior),,,superior,enhanced,suite,1 queen bed,queen,,,,,,
55,"Belmond Reid's Palace, Portugalia",1160470,"Belmond Reid's Palace, Portugalia","Junior Suite (Superior),2 Twin Beds,NonSmoking",Junior Suite (Superior),,,superior,enhanced,suite,2 twin beds,twins,,,,,,
55,"Belmond Reid's Palace, Portugalia",1160470,"Belmond Reid's Palace, Portugalia","Suite (Matthew Williamson),1 Double Sofa Bed and 1 King Bed,NonSmoking",Suite (Matthew Williamson),,,,,suite,1 king bed,king,,,,,,
55,"Belmond Reid's Palace, Portugalia",1160470,"Belmond Reid's Palace, Portugalia","Suite (Miro),1 King Bed,NonSmoking",Suite (Miro),,,,,suite,1 king bed,king,,,,,,
74,"Regnum Carya Golf & Spa Resort, Turcja",1016614,"Regnum Carya Golf & Spa Resort, Turcja","Jade Room Partial Sea View,1 Double Bed,NonSmoking",Jade Room Partial Sea View,,,,,room,1 double bed,double,,,,sea_view,,
74,"Regnum Carya Golf & Spa Resort, Turcja",1016614,"Regnum Carya Golf & Spa Resort, Turcja","Jade Room Partial Sea View,2 Twin Beds,NonSmoking",Jade Room Partial Sea View,,,,,room,2 twin beds,twins,,,,sea_view,,
74,"Regnum Carya Golf & Spa Resort, Turcja",1016614,"Regnum Carya Golf & Spa Resort, Turcja","Jade Junior Room,1 Queen Bed,NonSmoking",Jade Junior Room,,,junior,entry,room,1 queen bed,queen,,,,,,
74,"Regnum Carya Golf & Spa Resort, Turcja",1016614,"Regnum Carya Golf & Spa Resort, Turcja","Jade Room Partial Sea View,1 Double Bed,NonSmoking",Jade Room Partial Sea View,,,,,room,1 double bed,double,,,,sea_view,,
74,"Regnum Carya Golf & Spa Resort, Turcja",1016614,"Regnum Carya Golf & Spa Resort, Turcja","Jade Room Partial Sea View,2 Twin Beds,NonSmoking",Jade Room Partial Sea View,,,,,room,2 twin beds,twins,,,,sea_view,,
74,"Regnum Carya Golf & Spa Resort, Turcja",1016614,"Regnum Carya Golf & Spa Resort, Turcja","Jade Junior Room,1 Queen Bed,NonSmoking",Jade Junior Room,,,junior,entry,room,1 queen bed,queen,,,,,,
74,"Regnum Carya Golf & Spa Resort, Turcja",1016614,"Regnum Carya Golf & Spa Resort, Turcja","Jade Room Sea View,1 Double Bed,NonSmoking",Jade Room Sea View,,,,,room,1 double bed,double,,,,sea_view,,
57,The Raffles Doha,1315575,The Raffles Doha,"Spectacular Room, Room, 1 King Bed, City View,NonSmoking",Spectacular Room,,,,,room,1 king bed,king,,,,city_view,,
57,The Raffles Doha,1315575,The Raffles Doha,"Spectacular Room, Room, 2 Double Beds, City View,NonSmoking",Spectacular Room,,,,,room,2 double beds,doubles,,,,city_view,,
57,The Raffles Doha,1315575,The Raffles Doha,"Spectacular Room, Room, 1 King Bed, City View,NonSmoking",Spectacular Room,,,,,room,1 king bed,king,,,,city_view,,
57,The Raffles Doha,1315575,The Raffles Doha,"Spectacular Room, Room, 2 Double Beds, City View,NonSmoking",Spectacular Room,,,,,room,2 double beds,doubles,,,,city_view,,
57,The Raffles Doha,1315575,The Raffles Doha,"Spectacular Room, Room, 1 King Bed, City View,NonSmoking",Spectacular Room,,,,,room,1 king bed,king,,,,city_view,,
59,Waldorf Astoria Seychelles,1575710,Waldorf Astoria Seychelles,"Deluxe Room, 1 King Bed, Non Smoking",Deluxe Room,,,deluxe,high,room,1 king bed,king,,,,,,
59,Waldorf Astoria Seychelles,1575710,Waldorf Astoria Seychelles,"Deluxe Room, Non Smoking (High Floor),1 King Bed",Deluxe Room,,,deluxe,high,room,1 king bed,king,,,,,,
59,Waldorf Astoria Seychelles,1575710,Waldorf Astoria Seychelles,"Deluxe Room, Non Smoking (High Floor),2 Queen Beds",Deluxe Room,,,deluxe,high,room,2 queen beds,queens,,,,,,
59,Waldorf Astoria Seychelles,1575710,Waldorf Astoria Seychelles,"Junior Suite, 1 King Bed, Non Smoking, Balcony (BEVERLY HILLS)",Junior Suite,,,junior,entry,suite,1 king bed,king,1.0,,,,,
59,Waldorf Astoria Seychelles,1575710,Waldorf Astoria Seychelles,"Junior Suite, 2 Queen Beds, Non Smoking (BEVERLY HILLS)",Junior Suite,,,junior,entry,suite,2 queen beds,queens,,,,,,
60,Four Seasons Resort Seychelles at Desroches Island,1155893,Four Seasons Resort Seychelles at Desroches Island,"Villa, 1 King Bed, Ocean View (Pool),NonSmoking",Villa,,,,,villa,1 king bed,king,,,,ocean_view,,
60,Four Seasons Resort Seychelles at Desroches Island,1155893,Four Seasons Resort Seychelles at Desroches Island,"Bungalow, 1 King Bed (Beach),NonSmoking",Bungalow,,,,,bungalow,1 king bed,king,,,,,,
60,Four Seasons Resort Seychelles at Desroches Island,1155893,Four Seasons Resort Seychelles at Desroches Island,"Villa, 1 King Bed (Sunset Beach),NonSmoking",Villa,,,,,villa,1 king bed,king,,,,,,
60,Four Seasons Resort Seychelles at Desroches Island,1155893,Four Seasons Resort Seychelles at Desroches Island,"Suite, 1 King Bed (Sunset Beach),NonSmoking",Suite,,,,,suite,1 king bed,king,,,,,,
60,Four Seasons Resort Seychelles at Desroches Island,1155893,Four Seasons Resort Seychelles at Desroches Island,"Suite, 1 King Bed (Sunset Beach),NonSmoking",Suite,,,,,suite,1 king bed,king,,,,,,
61,Six Senses Zil Pasyon,1392470,Six Senses Zil Pasyon,"Panorama Pool Villa,1 King Bed,NonSmoking",Panorama Pool Villa,,,,,villa,1 king bed,king,,,,,,
61,Six Senses Zil Pasyon,1392470,Six Senses Zil Pasyon,"Panorama Pool Villa,1 King Bed,NonSmoking",Panorama Pool Villa,,,,,villa,1 king bed,king,,,,,,
61,Six Senses Zil Pasyon,1392470,Six Senses Zil Pasyon,"Ocean Front Pool Villa,1 King Bed,NonSmoking",Ocean Front Pool Villa,,,,,villa,1 king bed,king,,,,,,
61,Six Senses Zil Pasyon,1392470,Six Senses Zil Pasyon,"Ocean Front Pool Villa,1 King Bed,NonSmoking",Ocean Front Pool Villa,,,,,villa,1 king bed,king,,,,,,
61,Six Senses Zil Pasyon,1392470,Six Senses Zil Pasyon,"Pasyon Pool Villa,1 King Bed,NonSmoking",Pasyon Pool Villa,,,,,villa,1 king bed,king,,,,,,
62,Raffles Prasiln,1243111,Raffles Prasiln,Room STANDARD,Room STANDARD,,,standard,entry,room,,,,,,,,
62,Raffles Prasiln,1243111,Raffles Prasiln,Room STANDARD,Room STANDARD,,,standard,entry,room,,,,,,,,
62,Raffles Prasiln,1243111,Raffles Prasiln,STUDIO STANDARD,STUDIO STANDARD,,,standard,entry,studio,,,,,,,,
62,Raffles Prasiln,1243111,Raffles Prasiln,STUDIO STANDARD,STUDIO STANDARD,,,standard,entry,studio,,,,,,,,
62,Raffles Prasiln,1243111,Raffles Prasiln,Room STANDARD,Room STANDARD,,,standard,entry,room,,,,,,,,
62,Raffles Prasiln,1243111,Raffles Prasiln,Room STANDARD,Room STANDARD,,,standard,entry,room,,,,,,,,
62,Raffles Prasiln,1243111,Raffles Prasiln,Room STANDARD,Room STANDARD,,,standard,entry,room,,,,,,,,
62,Raffles Prasiln,1243111,Raffles Prasiln,Room STANDARD,Room STANDARD,,,standard,entry,room,,,,,,,,
62,Raffles Prasiln,1243111,Raffles Prasiln,Room STANDARD,Room STANDARD,,,standard,entry,room,,,,,,,,
62,Raffles Prasiln,1243111,Raffles Prasiln,Room STANDARD,Room STANDARD,,,standard,entry,room,,,,,,,,
62,Raffles Prasiln,1243111,Raffles Prasiln,"Signature Room, 1 King Bed,NonSmoking",Signature Room,,,signature,ultimate,room,1 king bed,king,,,,,,
62,Raffles Prasiln,1243111,Raffles Prasiln,"Raffles, Club Room, 1 King Bed,NonSmoking",Raffles,,,club,very_high,room,1 king bed,king,,,1.0,,,
62,Raffles Prasiln,1243111,Raffles Prasiln,"Signature Room, 1 King Bed,NonSmoking",Signature Room,,,signature,ultimate,room,1 king bed,king,,,,,,
62,Raffles Prasiln,1243111,Raffles Prasiln,"Raffles, Club Room, 1 King Bed,NonSmoking",Raffles,,,club,very_high,room,1 king bed,king,,,1.0,,,
62,Raffles Prasiln,1243111,Raffles Prasiln,"Raffles, Club Twin Room, 2 Twin Beds,NonSmoking",Raffles,,2.0,club,very_high,room,2 twin beds,twins,,,,,,
63,"Mandarin Oriental, Singapur",1180579,"Mandarin Oriental, Singapur","Room, 1 King Bed with Sofa bed, Sea View,1 King Bed and 1 Twin Sofa Bed,NonSmoking",Room,,,,,room,1 king bed,king,,,,sea_view,,
63,"Mandarin Oriental, Singapur",1180579,"Mandarin Oriental, Singapur","Twin Room, Sea View,2 Twin Beds and 1 Twin Sofa Bed,NonSmoking",Twin Room,,2.0,,,room,2 twin beds,twins,,,,sea_view,,
63,"Mandarin Oriental, Singapur",1180579,"Mandarin Oriental, Singapur","Room, 1 King Bed (Marina Bay View),NonSmoking",Room,,,,,room,1 king bed,king,,,,bay_view,,
63,"Mandarin Oriental, Singapur",1180579,"Mandarin Oriental, Singapur","Room, 1 King Bed with Sofa bed, Sea View,1 King Bed and 1 Twin Sofa Bed,NonSmoking",Room,,,,,room,1 king bed,king,,,,sea_view,,
63,"Mandarin Oriental, Singapur",1180579,"Mandarin Oriental, Singapur","Twin Room, Sea View,2 Twin Beds and 1 Twin Sofa Bed,NonSmoking",Twin Room,,2.0,,,room,2 twin beds,twins,,,,sea_view,,
67,Ritz Carlton Phulay Bay,1213857,Ritz Carlton Phulay Bay,"Room, 1 King Bed with Sofa bed, Garden View,1 King Bed and 1 Double Sofa Bed,NonSmoking",Room,,,,,room,1 king bed,king,,,,garden_view,,
67,Ritz Carlton Phulay Bay,1213857,Ritz Carlton Phulay Bay,"Room, 1 King Bed with Sofa bed,1 King Bed and 1 Double Sofa Bed,NonSmoking",Room,,,,,room,1 king bed,king,,,,,,
67,Ritz Carlton Phulay Bay,1213857,Ritz Carlton Phulay Bay,"Villa, 1 Bedroom, Ocean View,1 King Bed and 1 Double Sofa Bed,NonSmoking",Villa,1.0,,,,villa,1 king bed,king,,,,ocean_view,,
67,Ritz Carlton Phulay Bay,1213857,Ritz Carlton Phulay Bay,"Villa, 1 Bedroom,1 King Bed and 1 Double Sofa Bed,NonSmoking",Villa,1.0,,,,villa,1 king bed,king,,,,,,
67,Ritz Carlton Phulay Bay,1213857,Ritz Carlton Phulay Bay,"Villa, 1 Bedroom, Sea View,1 Double Bed,NonSmoking",Villa,1.0,,,,villa,1 double bed,double,,,,sea_view,,
68,"Dusit Thani, Pattaya",1148838,"Dusit Thani, Pattaya","Deluxe Room, 2 Twin Beds,NonSmoking",Deluxe Room,,,deluxe,high,room,2 twin beds,twins,,,,,,
68,"Dusit Thani, Pattaya",1148838,"Dusit Thani, Pattaya","Deluxe Room, 1 King Bed,NonSmoking",Deluxe Room,,,deluxe,high,room,1 king bed,king,,,,,,
68,"Dusit Thani, Pattaya",1148838,"Dusit Thani, Pattaya","Deluxe Room, 2 Twin Beds,NonSmoking",Deluxe Room,,,deluxe,high,room,2 twin beds,twins,,,,,,
68,"Dusit Thani, Pattaya",1148838,"Dusit Thani, Pattaya","Premium Room, 1 King Bed, Garden View,NonSmoking",Premium Room,,,premium,high,room,1 king bed,king,,,,garden_view,,
68,"Dusit Thani, Pattaya",1148838,"Dusit Thani, Pattaya","Premium Room, 2 Twin Beds, Garden View,NonSmoking",Premium Room,,,premium,high,room,2 twin beds,twins,,,,garden_view,,
68,"Dusit Thani, Pattaya",1148838,"Dusit Thani, Pattaya",DELUXE ROOM KING,DELUXE ROOM KING,,,deluxe,high,room,king,king,,,,,,
68,"Dusit Thani, Pattaya",1148838,"Dusit Thani, Pattaya",DELUXE ROOM TWIN,DELUXE ROOM TWIN,,2.0,deluxe,high,room,twin,twin,,,,,,
68,"Dusit Thani, Pattaya",1148838,"Dusit Thani, Pattaya",PREMIUM GARDEN VIEW KING,PREMIUM GARDEN VIEW KING,,,premium,high,other,king,king,,,,garden_view,,
68,"Dusit Thani, Pattaya",1148838,"Dusit Thani, Pattaya",PREMIUM GARDEN VIEW TWIN,PREMIUM GARDEN VIEW TWIN,,,premium,high,other,twin,twin,,,,garden_view,,
68,"Dusit Thani, Pattaya",1148838,"Dusit Thani, Pattaya",DELUXE ROOM KING,DELUXE ROOM KING,,,deluxe,high,room,king,king,,,,,,
68,"Dusit Thani, Pattaya",1148838,"Dusit Thani, Pattaya",DELUXE ROOM TWIN,DELUXE ROOM TWIN,,2.0,deluxe,high,room,twin,twin,,,,,,
68,"Dusit Thani, Pattaya",1148838,"Dusit Thani, Pattaya",PREMIUM SEA VIEW KING,PREMIUM SEA VIEW KING,,,premium,high,other,king,king,,,,sea_view,,
68,"Dusit Thani, Pattaya",1148838,"Dusit Thani, Pattaya",PREMIUM GARDEN VIEW KING,PREMIUM GARDEN VIEW KING,,,premium,high,other,king,king,,,,garden_view,,
68,"Dusit Thani, Pattaya",1148838,"Dusit Thani, Pattaya",PREMIUM GARDEN VIEW TWIN,PREMIUM GARDEN VIEW TWIN,,,premium,high,other,twin,twin,,,,garden_view,,
68,"Dusit Thani, Pattaya",1148838,"Dusit Thani, Pattaya",PREMIUM SEA VIEW KING,PREMIUM SEA VIEW KING,,,premium,high,other,king,king,,,,sea_view,,
70,Rosewood Phuket,1559963,Rosewood Phuket,"Room, 1 King Bed (Pool Pavillion),NonSmoking",Room,,,,,room,1 king bed,king,,,,,,
70,Rosewood Phuket,1559963,Rosewood Phuket,"Twin Room (Pool Pavillion),2 Twin Beds,NonSmoking",Twin Room (Pool Pavillion),,2.0,,,room,2 twin beds,twins,,,,,,
70,Rosewood Phuket,1559963,Rosewood Phuket,"Room, 1 King Bed (Pool Pavillion),NonSmoking",Room,,,,,room,1 king bed,king,,,,,,
70,Rosewood Phuket,1559963,Rosewood Phuket,"Twin Room (Pool Pavillion),2 Twin Beds,NonSmoking",Twin Room (Pool Pavillion),,2.0,,,room,2 twin beds,twins,,,,,,
70,Rosewood Phuket,1559963,Rosewood Phuket,"Room, 1 King Bed, Partial Ocean View (Pool Pavillion),NonSmoking",Room,,,,,room,1 king bed,king,,,,ocean_view,,
72,Six Senses Yao Noi,1137810,Six Senses Yao Noi,"Hideaway Pool Villa,1 King Bed,NonSmoking",Hideaway Pool Villa,,,,,villa,1 king bed,king,,,,,,
72,Six Senses Yao Noi,1137810,Six Senses Yao Noi,"Ocean Pool Villa,1 King Bed,NonSmoking",Ocean Pool Villa,,,,,villa,1 king bed,king,,,,,,
72,Six Senses Yao Noi,1137810,Six Senses Yao Noi,"Hideaway Two Bedroom Pool Villa,2 King Beds,NonSmoking",Hideaway Two Bedroom Pool Villa,2.0,,,,villa,king bed,king,,,,,,
72,Six Senses Yao Noi,1137810,Six Senses Yao Noi,"Ocean Deluxe Pool Villa,1 King Bed,NonSmoking",Ocean Deluxe Pool Villa,,,deluxe,high,villa,1 king bed,king,,,,,,
72,Six Senses Yao Noi,1137810,Six Senses Yao Noi,"Ocean Panorama Pool Villa,1 King Bed,NonSmoking",Ocean Panorama Pool Villa,,,,,villa,1 king bed,king,,,,,,
73,Gloria Serenity Resort,1140776,Gloria Serenity Resort,"Superior Room,1 Queen Bed and 1 Twin Sofa Bed,NonSmoking",Superior Room,,,superior,enhanced,room,1 queen bed,queen,,,,,,
73,Gloria Serenity Resort,1140776,Gloria Serenity Resort,"Superior Room,2 Twin Beds and 1 Twin Sofa Bed,NonSmoking",Superior Room,,,superior,enhanced,room,2 twin beds,twins,,,,,,
73,Gloria Serenity Resort,1140776,Gloria Serenity Resort,"Deluxe Room,1 King Bed and 1 Twin Sofa Bed,NonSmoking",Deluxe Room,,,deluxe,high,room,1 king bed,king,,,,,,
73,Gloria Serenity Resort,1140776,Gloria Serenity Resort,"Deluxe Room,2 Large Twin Beds and 1 Twin Sofa Bed,NonSmoking",Deluxe Room,,,deluxe,high,room,twin beds,twins,,,,,,
73,Gloria Serenity Resort,1140776,Gloria Serenity Resort,"Superior Room,1 Queen Bed and 1 Twin Sofa Bed,NonSmoking",Superior Room,,,superior,enhanced,room,1 queen bed,queen,,,,,,
73,Gloria Serenity Resort,1140776,Gloria Serenity Resort,"Superior Room,2 Twin Beds and 1 Twin Sofa Bed,NonSmoking",Superior Room,,,superior,enhanced,room,2 twin beds,twins,,,,,,
73,Gloria Serenity Resort,1140776,Gloria Serenity Resort,"Superior Room, Poolside,1 Double Bed and 1 Twin Sofa Bed,NonSmoking",Superior Room,,,superior,enhanced,room,1 double bed,double,,,,pool_view,,
73,Gloria Serenity Resort,1140776,Gloria Serenity Resort,"Superior Room, Poolside,2 Twin Beds and 1 Twin Sofa Bed,NonSmoking",Superior Room,,,superior,enhanced,room,2 twin beds,twins,,,,pool_view,,
73,Gloria Serenity Resort,1140776,Gloria Serenity Resort,"Superior Room, Poolside,1 Double Bed and 1 Twin Sofa Bed,NonSmoking",Superior Room,,,superior,enhanced,room,1 double bed,double,,,,pool_view,,
73,Gloria Serenity Resort,1140776,Gloria Serenity Resort,"Superior Room, Poolside,2 Twin Beds and 1 Twin Sofa Bed,NonSmoking",Superior Room,,,superior,enhanced,room,2 twin beds,twins,,,,pool_view,,
75,"Maxx Royal Belek Golf Resort, Belek",1360498,"Maxx Royal Belek Golf Resort, Belek","Suite Land,1 Double Bed,NonSmoking",Suite Land,,,,,suite,1 double bed,double,,,,,,
75,"Maxx Royal Belek Golf Resort, Belek",1360498,"Maxx Royal Belek Golf Resort, Belek","Suite Sea,1 Double Bed,NonSmoking",Suite Sea,,,,,suite,1 double bed,double,,,,,,
75,"Maxx Royal Belek Golf Resort, Belek",1360498,"Maxx Royal Belek Golf Resort, Belek","Suite Land,1 Double Bed,NonSmoking",Suite Land,,,,,suite,1 double bed,double,,,,,,
75,"Maxx Royal Belek Golf Resort, Belek",1360498,"Maxx Royal Belek Golf Resort, Belek","Suite Land 2+2,1 Double Bed,NonSmoking",Suite Land 2+2,,,,,suite,1 double bed,double,,,,,,
75,"Maxx Royal Belek Golf Resort, Belek",1360498,"Maxx Royal Belek Golf Resort, Belek","Suite Sea,1 Double Bed,NonSmoking",Suite Sea,,,,,suite,1 double bed,double,,,,,,
88,Four Seasons Resort Orlando at Walt Disney World Resort,1030291,Four Seasons Resort Orlando at Walt Disney World Resort,"Golden Oak View Room - Two Queen Beds,2 Queen Beds,NonSmoking",Golden Oak View Room - Two Queen Beds,,,,,room,two queen beds,queens,,,,,,
88,Four Seasons Resort Orlando at Walt Disney World Resort,1030291,Four Seasons Resort Orlando at Walt Disney World Resort,"Golden Oak View Room King,1 King Bed and 1 Queen Sofa Bed,NonSmoking",Golden Oak View Room King,,,,,room,1 king bed,king,,,,,,
88,Four Seasons Resort Orlando at Walt Disney World Resort,1030291,Four Seasons Resort Orlando at Walt Disney World Resort,"Golden Oak View Accessible Room King,1 King Bed,NonSmoking",Golden Oak View Accessible Room King,,,,,room,1 king bed,king,,,,,,
88,Four Seasons Resort Orlando at Walt Disney World Resort,1030291,Four Seasons Resort Orlando at Walt Disney World Resort,"Golden Oak View Room King,1 King Bed and 1 Queen Sofa Bed,NonSmoking",Golden Oak View Room King,,,,,room,1 king bed,king,,,,,,
88,Four Seasons Resort Orlando at Walt Disney World Resort,1030291,Four Seasons Resort Orlando at Walt Disney World Resort,"Golden Oak View Accessible Room King,1 King Bed,NonSmoking",Golden Oak View Accessible Room King,,,,,room,1 king bed,king,,,,,,
95,"The Abi d'Oru Hotel & Spa, Sardynia",1151263,"The Abi d'Oru Hotel & Spa, Sardynia","Classic double room hill side,1 Double Bed,NonSmoking",Classic double room hill side,,2.0,classic,entry,room,1 double bed,double,,,,,,
95,"The Abi d'Oru Hotel & Spa, Sardynia",1151263,"The Abi d'Oru Hotel & Spa, Sardynia","Classic double room hill side,1 Double Bed,NonSmoking",Classic double room hill side,,2.0,classic,entry,room,1 double bed,double,,,,,,
95,"The Abi d'Oru Hotel & Spa, Sardynia",1151263,"The Abi d'Oru Hotel & Spa, Sardynia","Garden Deluxe Triple, Ground Floor sea side,1 Double Bed and 1 Twin Sofa Bed,NonSmoking",Garden Deluxe Triple,,3.0,deluxe,high,other,1 double bed,double,,,,garden_view,,
95,"The Abi d'Oru Hotel & Spa, Sardynia",1151263,"The Abi d'Oru Hotel & Spa, Sardynia","Garden deluxe double ground floor,1 Double Bed,NonSmoking",Garden deluxe double ground floor,,,deluxe,high,other,1 double bed,double,,,,garden_view,,
95,"The Abi d'Oru Hotel & Spa, Sardynia",1151263,"The Abi d'Oru Hotel & Spa, Sardynia","Garden Deluxe Triple, Ground Floor sea side,1 Double Bed and 1 Twin Sofa Bed,NonSmoking",Garden Deluxe Triple,,3.0,deluxe,high,other,1 double bed,double,,,,garden_view,,
